ref,official_name,name,distance
О040101,Апостолове – Грушівка,Апостолове – Грушівка,25.985
О040102,Апостолове – Перше Травня – /Н-23/,Апостолове – Перше Травня – Н-23,7.736
О040103,Вільне – Михайлівка – Кам’янка – Шолохове,Вільне – Михайлівка – Кам’янка – Шолохове,38.292
О040104,Зеленодольск – Велика Костромка,Зеленодольск – Велика Костромка,4.951
О040106,Жовте – Станція Жовтокам’янка,Жовте – Станція Жовтокам’янка,2.784
О040107,Тарасо-Григорівка – станція Павлопілля – Приют,Тарасо-Григорівка – станція Павлопілля – Приют,18.725
О040110,Українка – Зеленодольск,Українка – Зеленодольск,4.845
О040201,Васильківка – Миколаївка,Васильківка – Миколаївка,23.51
О040202,Васильківка – Чаплине,Васильківка – Чаплине,18.602
О040203,Васильківка – Письменне,Васильківка – Письменне,14.25
О040204,Дубовики – Шевченкове – Чаплине,Дубовики – Шевченкове – Чаплине,12.56
О040206,Під’їзд до смт Васильківка,Під’їзд до смт Васильківка,4.895
О040301,Верхньодніпровськ – Боровківка – Доброгірське,Верхньодніпровськ – Боровківка – Доброгірське,29.042
О040303,Верхньодніпровськ – санаторій “Славутич”,Верхньодніпровськ – санаторій “Славутич”,2.146
О040304,Верхівцеве – Червоноіванівка – Кринички,Верхівцеве – Червоноіванівка – Кринички,28.695
О040305,Дмитрівка – /Т-04-15/,Дмитрівка – Т-04-15,10.02
О040306,Боровківка – станція Воєводівка,Боровківка – станція Воєводівка,8.023
О040307,/Н-08/ – Дніпровське,Н-08 – Дніпровське,3.225
О040308,Мости – Ганнівка,Мости – Ганнівка,3.738
О040309,/Н-08/ – Заріччя,Н-08 – Заріччя,2.438
О040310,Томаківка – Боровківка – Верхівцеве,Томаківка – Боровківка – Верхівцеве,12.774
О040401,/Н-08/ – Волоське – Майорка,Н-08 – Волоське – Майорка,15.3
О040402,Станція Сухачівка – Горького,Станція Сухачівка – Горького,9.43
О040404,/Чаплі – Любимівка – Перше Травня/ – /Діброва – /М18//,Чаплі – Любимівка – Перше Травня – О041605,15.6
О040406,Під’їзд до станції Сурське,Під’їзд до станції Сурське,0.318
О040407,Правий місцевий проїзд по м. Підгородне,Правий місцевий проїзд по м. Підгородне,2.53
О040408,Лівий місцевий проїзд по м. Підгородне,Лівий місцевий проїзд по м. Підгородне,2.47
О040409,Під’їзд до с. Новомиколаївка,Під’їзд до с. Новомиколаївка,1.94
О040501,Кривий Ріг – станція Гейківка,Кривий Ріг – станція Гейківка,14.651
О040502,Кривий Ріг – Пичугине,Кривий Ріг – Пичугине,6.436
О040503,/Н-23/ – Лозуватка,Н-23 – Лозуватка,6.835
О040504,Лозуватка – станція Грекувата,Лозуватка – станція Грекувата,5.67
О040505,Веселі Терни – Широке – Златоустівка,Веселі Терни – Широке – Златоустівка,35.27
О040506,Веселі Терни – /Т-04-19/,Веселі Терни – Т-04-19,19.3
О040507,Тернівка – Софіївка – /Кривий Ріг – станція Гейківка/,Тернівка – Софіївка – О040501,24.95
О040509,Новопілля – Красівське – Веселе – Вільне – Солдатське,Новопілля – Красівське – Веселе – Вільне – Солдатське,38.49
О040511,/Н-23/ – Вільне,Н-23 – Вільне,3.3
О040601,Аули – /Н–08/,Аули – Н-08,0.924
О040602,//М-04/ – Промінь/ – /Т-04-20/,М-30 – Промінь – Т-04-20,17.985
О040603,/Верхівцеве – Кринички – Семенівка – Новоселівка/ – Миколаївка,Верхівцеве – Кринички – Семенівка – Новоселівка – Миколаївка,34.975
О040605,Адамівка – Калинівка – Болтишка,Адамівка – Калинівка – Болтишка,14.007
О040606,Об’їзд смт Кринички,Об’їзд смт Кринички,1.78
О040607,Лівий місцевий проїзд в с. Світлогірське,Лівий місцевий проїзд в с. Світлогірське,1.97
О040608,Правий місцевий проїзд в с. Світлогірське,Правий місцевий проїзд в с. Світлогірське,0.553
О040701,Топчино  – /Станція Бузівка – Жданівка – Поливанівка/,Топчино – О040704,21.567
О040702,/Т-04-14/ – Іванівка,Т-04-14 – Іванівка,15.34
О040703,Минівка – Дмухайлівка,Минівка – Дмухайлівка,15.43
О040704,Станція Бузівка – Жданівка – Поливанівка,Станція Бузівка – Жданівка – Поливанівка,39.905
О040705,/Т-04-13/ – Жданівка – станція Кільчень – /М-18/,Т-04-13 – Жданівка – станція Кільчень – М-18,36.885
О040706,Гупалівка – Юр’ївка – Преображенка,Гупалівка – Юр’ївка – Преображенка,18.197
О040707,Малоандріївка – /Т-04-13/,Малоандріївка – Т-04-13,17.4
О040708,Гупалівка – Дмухайлівка – Магдалинівка,Гупалівка – Дмухайлівка – Магдалинівка,23.3
О040709,Під’їзд до с. Казначеївка,Під’їзд до с. Казначеївка,2.23
О040801,Межова – Вознесенське – Новогригорівка – Юр’ївка,Межова – Вознесенське – Новогригорівка – Юр’ївка,29.31
О040802,Межова – Богданівка – Чаус,Межова – Богданівка – Чаус,19.213
О040803,Райполе – /Т-04-06/,Райполе – Т-04-06,2.247
О040804,/Дмитрівка – Зелений Гай – Гаврилівка/ – Демурине,Т-04-27 – Демурине,1.512
О040807,Під’їзд до смт Межова,Під’їзд до смт Межова,3.991
О040901,Нікополь – Приміське,Нікополь – Приміське,2.48
О040902,Новософіївка – Чистопіль – Новоіванівка,Новософіївка – Чистопіль – Новоіванівка,21.75
О040906,Високе – Новоіванівка – Чкалове,Високе – Новоіванівка – Чкалове,18.62
О040908,Шолохове – Токівське – Мар’янське,Шолохове – Токівське – Мар’янське,25.821
О040909,Станція Лошкарівка – Маринопіль – Гірницьке,Станція Лошкарівка – Маринопіль – Гірницьке,33.58
О040910,Першотравневе – /Високе – Чкалове/,О040906 – Східне,1.99
О040911,/Т-04-32/ – Південне,Т-04-32 – Південне,3.63
О040912,/Н-23/ – Червоногригорівка,Н-23 – Червоногригорівка,5.4
О040913,Чкалове – /Т-04-32/,Чкалове – Т-04-32,2.81
О041001,Новомосковськ – Спаське,Новомосковськ – Спаське,10.73
О041002,Новомосковськ – Королівка,Новомосковськ – Королівка,23.14
О041003,Станція Вільне – /М-18/,Станція Вільне – М-18,2.4
О041004,Піщанка – /М-04/,Піщанка – М-30,3.3
О041006,/М–18/ – Василівка – Олександрівка,М-18 – Василівка – Олександрівка,47.12
О041008,Меліоративне – Знаменівка – Новотроїцьке – Солоний,Меліоративне – Знаменівка – Новотроїцьке – Солоний,16.017
О041009,Новостепанівка – Керносівка,Новостепанівка – Керносівка,25.034
О041010,Вільне – Гвардійське – /М-18/,Вільне – Гвардійське – М-18,20.94
О041011,Під’їзд до смт Гвардійське,Під’їзд до смт Гвардійське,0.309
О041012,Під’їзд до Солоного Лиману,Під’їзд до Солоного Лиману,1.396
О041013,Перещепине – Веселе,Перещепине – Веселе,1.1
О041101,Станція Мінеральна – Карабинівка,Станція Мінеральна – Карабинівка,4.16
О041103,ДОТ – Вербки – Степ – Нова Русь,ДОТ – Вербки – Степ – Нова Русь,31.7
О041104,/Т-04-08/ – Привовчанське,Т-04-08 – Привовчанське,2.1
О041106,Зелене – Богданівка – Богуслав,Зелене – Богданівка – Богуслав,33.83
О041107,Межиріч – /М-04/,Межиріч – М-30,2.53
О041108,/Т-04-08/ – Мар’ївка,Т-04-08 – Мар’ївка,14.58
О041109,/Т-04-08/ – Левадки,Т-04-08 – Левадки,8.6
О041201,Петриківка – Шульгівка,Петриківка – Шульгівка,20.787
О041202,Курилівка – Миколаївка – Єлизаветівка,Курилівка – Миколаївка – Єлизаветівка,24.35
О041203,Хутірське – Лобойківка,Хутірське – Лобойківка,5.99
О041301,Петропавлівка – Роздори,Петропавлівка – Роздори,20.7
О041302,Петропавлівка – Сонцеве – Богданівка,Петропавлівка – Сонцеве – Богданівка,26.075
О041303,Петропавлівка – /М-04/,Петропавлівка – М-30,3.55
О041304,/Петропавлівка – Роздори/ – Мар’янка,О041304 – Мар’янка,22
О041305,Дмитрівка – Добровілля – /Васильківка – Миколаївка/,Дмитрівка – Добровілля – О040201,23.565
О041306,Лозове – Новотроїцьке – /Т-04-06/,Лозове – Новотроїцьке – Т-04-06,12.868
О041307,Троїцьке – /М-04/,Троїцьке – М-30,1.9
О041308,Петрівка – Миколаївка,Петрівка – Миколаївка,2.9
О041309,Під’їзд до бурякопункту станції Залізничне,Під’їзд до бурякопункту станції Залізничне,02.08
О041401,Покровське – Катеринівка – /Т-04-01/,Покровське – Катеринівка – Т-04-01,19.216
О041402,Покровське – станція Мечетна,Покровське – станція Мечетна,0.425
О041403,Андріївка – /Т-04-01/,Андріївка – Т-04-01,3.54
О041404,Данилівка – Вишневе – Березове,Данилівка – Вишневе – Березове,26.555
О041405,Гаврилівка – Іванівка – Новопавлівка,Маломихайлівка – Т-04-27,22.562
О041406,Просяна – Великомихайлівка,Просяна – Великомихайлівка,18.9
О041501,П’ятихатки – Івашинівка – /Т-04-19/,П’ятихатки – Івашинівка – Т-04-19,12.175
О041502,Лихівка – Золотницьке,Лихівка – Золотницьке,29.19
О041503,П’ятихатки – Нововасилівка – Жовте – /Р-74/,П’ятихатки – Нововасилівка – Жовте – Р-74,35.62
О041504,Красноіванівка – Саксагань – /М-04/,Красноіванівка – Саксагань – М-30,12.51
О041505,Березняки – Байдаківка – Лозуватка – Долинське,Березняки – Байдаківка – Лозуватка – Долинське,47.02
О041506,Пальмирівка – Яковлівка,Пальмирівка – Яковлівка,7.194
О041507,Вишневе – Саївка,Вишневе – Саївка,12.44
О041508,Мар’янівка – станція Савро,Мар’янівка – станція Савро,8.265
О041509,П’ятихатки – Лозуватка – /Мишурин Ріг – Вільногірськ/,П’ятихатки – Лозуватка – Т-04-23,27.235
О041510,Вершинне – станція Савро – Гомельське – Червоне,Вершинне – станція Савро – Гомельське – Червоне,31.32
О041601,Синельникове – /Т-04-01/,Синельникове – Т-04-01,3.47
О041602,Синельникове – Миролюбівка – Терса,Синельникове – Миролюбівка – Терса,24.631
О041604,Синельникове – Запорожець,Синельникове – Запорожець,28.6
О041605,Діброва – /М-18/,Діброва – М-18,16.67
О041606,Василівка-на-Дніпрі – Гірки – Бурханівка – /Синельникове – Славгород/,Василівка-на-Дніпрі – Гірки – Бурханівка – Т-04-45,29.8
О041607,/Т-04-01/ – Іларіонове,Т-04-01 – Іларіонове,1.638
О041609,/М-18/ – Славгород,М-18 – Славгород,13.684
О041610,Дороге – Дерезувате,Дороге – Дерезувате,7.051
О041611,Зайцеве – /Т-04-16/,Зайцеве – Т-04-16,1.37
О041612,Кислянка – Вільне – Новоолексіївка,Кислянка – Вільне – Новоолексіївка,10.72
О041613,Раївка – /Т-04-01/,Раївка – Т-04-01,2.365
О041614,/Т-04-01/ – Старовишневецьке,Т-04-01 – Старовишневецьке,2.25
О041615,/Т-04-01/ – Миролюбівка – Тургенєвка,Т-04-01 – Миролюбівка – Тургенєвка,32.545
О041616,Східний обхід м. Синельникове,Східний обхід м. Синельникове,3.4
О041701,Солоне – Лошкарівка,Солоне – Лошкарівка,58.974
О041702,Чернігівка – Святовасилівка – /Р-80/,Чернігівка – Святовасилівка – Р-80,46.946
О041703,Якимівка – Сурсько-Михайлівка,Якимівка – Сурсько-Михайлівка,32.955
О041704,/Н-08/ – Василівка – Оріхове – Військове,Н-08 – Василівка – Оріхове – Військове,24.206
О041706,/Н-08/ – Микільське-на-Дніпрі,Н-08 – Микільське-на-Дніпрі,16.55
О041707,Привільне – Тритузне – Широке – Дніпровське,Привільне – Тритузне – Широке – Дніпровське,39.019
О041708,/Н-08/ – Башмачка,Н-08 – Башмачка,5.32
О041709,Військове – меморіал Військове,Військове – меморіал Військове,2.76
О041710,/Солоне – Лошкарівка/ – Широке – /Р-73/,О041710 – Широке – Р-73,17.483
О041801,Софіївка – Перше Травня – станція Милорадівка,Софіївка – Перше Травня – станція Милорадівка,20.1
О041802,Девладове – Веселе Поле,Девладове – Веселе Поле,06.05
О041803,Братське – Софіївка – /Н-11/,Братське – Софіївка – Н-11,21
О041804,Вакулове – Лошкарівка – /Т-04-32/,Вакулове – Лошкарівка – Т-04-32,23.95
О041805,Вакулове – Павлопілля – /Т-04-32/,Вакулове – Павлопілля – Т-04-32,25.715
О041807,Девладове – Гончарівка,Девладове – Гончарівка,1.9
О041808,/Н-11/ – Кам’янка,Н-11 – Кам’янка,4.96
О041901,Чумаки – Китайгородка – /Р-73/,Чумаки – Китайгородка – Р-73,10.13
О041902,Сергіївка – Томаківка – Новокатьощине,Сергіївка – Томаківка – Новокатьощине,28.947
О041903,/Н-23/ – Зоря,Н-23 – Зоря,0.93
О041904,Мирове – Високе – /Н-23/,Мирове – Високе – Н-23,16.914
О041905,/Т-04-20/ – Виводове,Т-04-20 – Виводове,1.333
О041906,/Р-73/ – Зелений Гай – Преображенка – /Т-04-20/,Р-73 – Зелений Гай – Преображенка – Т-04-20,29.475
О041907,Об’їзд смт Томаківка,Об’їзд смт Томаківка,6.083
О042001,Царичанка – Залелія – Канави,Царичанка – Залелія – Канави,13.27
О042002,Царичанка – Рудка – Орлик,Царичанка – Рудка – Орлик,14.41
О042003,Михайлівка – Бабайківка – Івано–Яризівка,Михайлівка – Бабайківка – Івано-Яризівка,21.367
О042004,Лисківка – Могилів – Проточі – /Петриківка – Шульгівка/,Лисківка – Могилів – Проточі – О042004,20.202
О042005,Прядівка – Новопідкряж  – /Н-31/,Прядівка – Новопідкряж – Н-31,19.24
О042102,Андріївка – /Широке – Шестірня – Заградівка/,Андріївка – Т-04-47,4.18
О042103,Новоселівка – /Р-74/,Новоселівка – Р-74,3.25
О042104,/Н-11/ – аеропорт,Н-11 – аеропорт,27.8
О042106,Східний обхід смт Широке,Східний обхід смт Широке,7.91
О042107,Гречані Поди – Свистунове – Кравці – Благодатне,Гречані Поди – Свистунове – Кравці – Благодатне,28.87
О042108,Під’їзд до с. Олександрівка,Під’їзд до с. Олександрівка,2.255
О042201,Олександрівка – /Шандрівка – Варварівка – ІваноМежиріцьке – Новогригорівка/,Олександрівка – О042203,1.1
О042202,Білозерське – Українське,Білозерське – Українське,36.623
О042203,Шандрівка – Варварівка – Івано-Межиріцьке – Новогригорівка,Шандрівка – Варварівка – Івано-Межиріцьке – Новогригорівка,52.56
О042204,Олексіївка – Преображенка,Олексіївка – Преображенка,6.37
О042205,Новов’язівське – Кочережки – Булахівка – /М-04/,Новов’язівське – Кочережки – Булахівка – М-30,31.03
О042207,Станція Жемчужне – /Білозерське – Українське/,Станція Жемчужне – О042207,5.15
С040101,/Н-23/ – Вільне,Н-23 – Вільне,3.35
С040102,/Новопілля – Красівське – Веселе – Вільне – Солдатське/ – Веселі Чумаки,С040102 – Веселі Чумаки,4.17
С040103,Новомар’ївка – /Т-04-19/,Новомар’ївка – Т-04-19,5.585
С040104,Плодорозсадник – /Т-04-19/,Плодорозсадник – Т-04-19,1.215
С040105,/Т-04-19/ – цегельний завод,Т-04-19 – цегельний завод,1.27
С040106,Перше Травня – Нова Січ,Перше Травня – Нова Січ,03.07
С040107,Перше Травня – Новосеменівка,Перше Травня – Новосеменівка,3.595
С040108,Червона Колона – /Т-04-19/,Червона Колона – Т-04-19,2.6
С040109,Катеринівка – Михайлівка – /Т-04-19/,Катеринівка – Михайлівка – Т-04-19,18.487
С040110,Новоіванівка – Кам’янка,Новоіванівка – Кам’янка,13.6
С040111,/Н-23/ – Садове,Н-23 – Садове,1.5
С040112,Михайло-Заводське – /Т-04-19/,Михайло-Заводське – Т-04-19,3.315
С040113,Кам’янка – Червоний Тік,Кам’янка – Червоний Тік,11.82
С040114,/Апостолове – Грушівка/ – Запорізьке,С040114 – Запорізьке,2.62
С040115,/Н-23/ – Велика Костромка,Н-23 – Велика Костромка,9.17
С040116,/Н-23/ – рибколгосп в с. Грушівка,Н-23 – рибколгосп в с. Грушівка,02.06
С040117,/Шолохове – Токівське – Мар’янське/ – Грушівка,С040117 – Грушівка,11.2
С040118,Під’їзд до с. Єлизаветпілля,Під’їзд до с. Єлизаветпілля,1.2
С040119,Під’їзд до с. Шевченко,Під’їзд до с. Шевченко,2.17
С040201,Вербівське – Тихе,Вербівське – Тихе,7.75
С040202,Морозівське – Новогригорівка,Морозівське – Новогригорівка,5.575
С040203,Широке – Павлівка – Перевальське,Широке – Павлівка – Перевальське,13.65
С040204,Криворізьке – /Т-04-08/,Криворізьке – Т-04-08,09.01
С040205,Червона Долина – Павлівка,Червона Долина – Павлівка,4.708
С040206,Первомайське – /Т-04-08/,Первомайське – Т-04-08,0.307
С040207,Шев’якине – /Т-04-08/,Шев’якине – Т-04-08,1.468
С040208,Преображенське – /Т-04-08/,Преображенське – Т-04-08,1.69
С040209,/Т-04-08/ – Перепеляче,Т-04-08 – Перепеляче,01.08
С040210,Новотерсянське – /Веселий Кут – Охотниче – Григорівка/,Новотерсянське – С040211,1.125
С040211,Веселий Кут – Охотниче – Григорівка,Веселий Кут – Охотниче – Григорівка,14.335
С040212,Вовчанське – /Т-04-01/,Вовчанське – Т-04-01,02.09
С040213,Краснощокове – Шевченкове – Свиридове,Краснощокове – Шевченкове – Свиридове,6.275
С040214,Зелена Роща – /Дмитрівка – Зелений Гай – Гаврилівка/,Зелена Роща – Т-04-27,1.875
С040215,Очеретувате – Добровілля,Очеретувате – Добровілля,4.505
С040216,Воскресенівка – Катеринівка,Воскресенівка – Катеринівка,13.11
С040217,Лиса Балка – /Дмитрівка – Добровілля – /Васильківка – Миколаївка//,Лиса Балка – О041305,7.135
С040218,Возвратне – Дібрівка,Возвратне – Дібрівка,9.83
С040219,Дачне – /Васильківка – Миколаївка/,Дачне – О040201,2.48
С040220,Бровки – /Васильківка – Миколаївка/,Бровки – О040201,3.188
С040221,/Т-04-01/ – Письменне – Новогригорівка (на Новомиколаївку),Т-04-01 – Письменне – Новогригорівка (на Новомиколаївку),28.577
С040222,/Т-04-01/ – Аврамівка,Т-04-01 – Аврамівка,11.68
С040223,Медичне – /Васильківка – Миколаївка/,Медичне – О040201,1.79
С040224,Улянівка – /Васильківка – Письменне/,Улянівка – С040224,4.7
С040225,/Васильківка – Миколаївка/ – Артемівка,О040201 – Артемівка,2.366
С040226,Манвелівка – Кобзар – Шевченко,Манвелівка – Кобзар – Шевченко,5.57
С040227,Зелений Гай – Таранове – Хуторо-Чаплине,Зелений Гай – Таранове – Хуторо-Чаплине,11.227
С040228,/Дмитрівка – Зелений Гай – Гаврилівка/ – Довге,Т-04-27 – Довге,3.28
С040229,Письменне – Зелений Гай,Письменне – Зелений Гай,8.075
С040230,Луб’янці – /Письменне – Зелений Гай/,Луб’янці – С040229,01.09
С040231,Письменне – Новоіванівка,Письменне – Новоіванівка,4.518
С040232,/Т-04-06/ – ХПП Чаплине,Т-04-06 – ХПП Чаплине,1.735
С040233,Самарське – Широке,Самарське – Широке,02.08
С040234,/Широке – Павлівка – Перевальське/ – Довге,С040203 – Довге,4.5
С040235,Чаплине – Рівне,Чаплине – Рівне,4.4
С040236,/Т-04-06/ – Петрикове,Т-04-06 – Петрикове,2
С040237,Григорівка – Пришиб,Григорівка – Пришиб,3.23
С040238,/Т-04-01/ – Дебальцеве – Лугове,Т-04-01 – Дебальцеве – Лугове,9.2
С040239,Великоолександрівка – Воскресенівка,Великоолександрівка – Воскресенівка,1.742
С040240,Під’їзд до с. Богданівка,Під’їзд до с. Богданівка,1.5
С040241,Під’їзд до с. Солонці,Під’їзд до с. Солонці,2.64
С040242,Під’їзд до ХПП с. Письменне,Під’їзд до ХПП с. Письменне,0.65
С040243,Під’їзд до бурякопункту,Під’їзд до бурякопункту,0.725
С040244,Під’їзд до с. Бабакове,Під’їзд до с. Бабакове,1.59
С040245,Під’їзд до кар’єру райавтодору,Під’їзд до кар’єру райавтодору,0.5
С040301,Калужине – Дніпровокам’янка – /Н-08/,Калужине – Дніпровокам’янка – Н-08,8.803
С040302,Мишурин Ріг – Фастове,Мишурин Ріг – Фастове,2.663
С040303,Новоселівка – Якимівка,Новоселівка – Якимівка,11.393
С040304,/Калужине – Дніпровокам’янка – /Н-08// – Суслівка,С040304 – Суслівка,2.965
С040305,/Станція Верхньодніпровськ – Верхівцеве – Божедарівка/ – Малоолександрівка,Т-04-22 – Малоолександрівка,7.583
С040306,Дубове – Петрівка,Дубове – Петрівка,5.485
С040307,/Н-08/ – Домоткань,Н-08 – Домоткань,1.62
С040308,Перше Травня – /Верхньодніпровськ – Боровківка – Доброгірське/,Перше Травня – С040308,1.97
С040309,/Станція Верхньодніпровськ – Верхівцеве – Божедарівка/ – Чкаловка,Т-04-22 – Чкаловка,1.45
С040310,Івашкове – Клин,Івашкове – Клин,11.836
С040311,Правобережне – /Н-08/,Правобережне – Н-08,2.588
С040312,/Верхньодніпровськ – Лихівка/ – Василівка,Т-04-46 – Василівка,2.014
С040313,Миколаївка – Солов’ївка,Миколаївка – Солов’ївка,8.674
С040314,Тарасівка – Новогригорівка,Тарасівка – Новогригорівка,10.8
С040315,Зелене – /Т-04-15/,Зелене – Т-04-15,2.341
С040316,Дніпровське – Аули,Дніпровське – Аули,3.882
С040317,/Т-04-15/ – Діденкове,Т-04-15 – Діденкове,1.713
С040318,Андріївка – /Дмитрівка – /Т-04-15//,Андріївка – С040318,0.732
С040319,Новогригорівка – /Боровківка – Воєводівка/,Новогригорівка – О040306,3.519
С040320,/Станція Верхньодніпровськ – Верхівцеве –,Т-04-22 – Чепине,1.881
С040321,Новомиколаївка – Братське,Новомиколаївка – Братське,2.038
С040322,Широке – Верхівцеве,Широке – Верхівцеве,8.971
С040323,/Мишурин Ріг – Вільногірськ/ – Кушнарівка,Т-04-23 – Кушнарівка,1.493
С040324,Калинівка – Полівське – Адалимівка,Калинівка – Полівське – Адалимівка,5.935
С040325,/Станція Верхньодніпровськ – Верхівцеве –,Т-04-22 – Семенівка,4.012
С040326,Під’їзд до с. Полівське,Під’їзд до с. Полівське,2.286
С040327,Під’їзд до с. Домоткань,Під’їзд до с. Домоткань,1.3
С040328,Під’їзд до с. Матюченкове,Під’їзд до с. Матюченкове,1.635
С040401,Дніпро до ВАТ “Чумаки”,Дніпро до ВАТ “Чумаки”,1.36
С040402,Сурське – /Р-80/,Сурське – Р-80,8.3
С040403,/Р-80/ – Новотаромське,Р-80 – Новотаромське,3.53
С040404,/М-04/ – ПТФ “За мир”,М-30 – ПТФ “За мир”,1
С040405,Новоолександрівка – Дніпрове,Новоолександрівка – Дніпрове,16.8
С040406,Військова частина – /М-04/,Військова частина – М-30,3.96
С040407,Полігонт – /Т-04-10/,Полігонт – Т-04-10,1
С040408,Дніпропетровська РЕС – /Т-04-10/,Дніпропетровська РЕС – Т-04-10,0.667
С040409,Аеропорт – Старі Кодаки,Аеропорт – Старі Кодаки,4.2
С040410,Любимівка – Придніпрянське,Любимівка – Придніпрянське,3.9
С040411,Маївка – /Дніпро – Хутірське/,Маївка – Т-04-05,9.88
С040412,/Дніпро – Хутірське/ – Зоря – Дачі,Т-04-05 – Зоря – Дачі,9.121
С040413,/М-04/ – зона відпочинку,М-30 – зона відпочинку,5.7
С040414,Дніпропетровська ПТФ – /Н-31/,Дніпропетровська ПТФ – Н-31,1.4
С040415,/Дніпро – Хутірське/ – ж/м Березанівка,Маївка – Т-04-05,3.9
С040416,Дачі – /Ігрень (м. Дніпро) – Олександрівка – /М-18//,Дачі – Т-04-02,2.4
С040417,Соцгород – КСП “Дзержинець”,Соцгород – КСП “Дзержинець”,0.935
С040418,Василівка – /Т-04-01/,Василівка – Т-04-01,2.1
С040419,КСП “Науковий” – Шевченко,КСП “Науковий” – Шевченко,8.2
С040420,Аеропорт – Сажівка,Аеропорт – Сажівка,02.01
С040421,Дороге – /Дніпро – Новомиколаївка – /М-04//,Дороге – Т-04-21,4.1
С040422,Ракшівка – //Н-08/ – Волоське – Майорка/,Ракшівка – О040401,2.43
С040423,Червоний Садок – //Н-08/ – Волоське – Майорка/,Червоний Садок – О040401,2.2
С040424,Новомиколаївка – Зелений Гай,Новомиколаївка – Зелений Гай,5.9
С040425,Волоське – к-р Волоський,Волоське – к-р Волоський,1.15
С040426,Степове – Партизанське,Степове – Партизанське,11.067
С040427,Горянівське – /Н-31/,Горянівське – Н-31,1.31
С040428,Під’їзд до с.Чаплі,Під’їзд до с.Чаплі,2.6
С040429,Під’їзд до с.Пашена Балка,Під’їзд до с.Пашена Балка,4.2
С040430,Під’ їзд до с. Балівка,Під’ їзд до с. Балівка,0.55
С040431,Під’їзд до Кам’янської ПТФ,Під’їзд до Кам’янської ПТФ,3.97
С040432,Партизанське – Лобойківка,Партизанське – Лобойківка,10.334
С040501,Іванівка – Ранній Ранок – Кривбас,Іванівка – Ранній Ранок – Кривбас,7.99
С040502,Софіївка – Христофорівка,Софіївка – Христофорівка,5.175
С040503,Іванівка – Софіївка,Іванівка – Софіївка,6.39
С040504,Недайвода – Новоіванівка,Недайвода – Новоіванівка,8.727
С040505,Під’їзд до с. Новий Мир,Під’їзд до с. Новий Мир,02.05
С040506,Новолозуватка – Чкаловка,Новолозуватка – Чкаловка,10.645
С040507,Родіонівка – Інгулець,Родіонівка – Інгулець,3.725
С040508,/Новопетрівка – Новоганнівка – Лозуватка/ – Раєво Олександрівка,С040518 – Раєво Олександрівка,5.85
С040509,/Новопетрівка – Новоганнівка – Лозуватка/ – /Н-23/,С040518 – Н-23,6.187
С040510,Р-п “Інгулецький” – //Н-23/ – Лозуватка/,Радгосп “Інгулецький” – О040503,1.4
С040511,/Н-23/ – Надія,Н-23 – Надія,4.85
С040512,Миролюбівка – Радушне,Миролюбівка – Радушне,2.6
С040513,Жданове – Новий Шлях,Жданове – Новий Шлях,7.7
С040514,Красіне – Суворовка,Красіне – Суворовка,1.37
С040515,/Кам’яне Поле – Пичугине – Суворовка – Мар’ївка/ – Новожитомир,С040515 – Новожитомир,4
С040516,Зелене Поле – Маяк,Зелене Поле – Маяк,7.1
С040517,Гомельське – Калинівка,Гомельське – Калинівка,4.2
С040518,Новопетрівка – Новоганнівка – Лозуватка,Новопетрівка – Новоганнівка – Лозуватка,12.72
С040519,Зоря – /ЦГЗК – Північний ГЗК/,Зоря – <ЦГЗК – Північний ГЗК>,3.5
С040520,Кам’яне Поле – Пичугине – Суворовка – Мар’ївка,Кам’яне Поле – Пичугине – Суворовка – Мар’ївка,53.338
С040521,Новоіванівка – Базарове,Новоіванівка – Базарове,4.36
С040522,Тернуватка – цегельний завод – Лозуватка,Тернуватка – цегельний завод – Лозуватка,14.49
С040523,Красна Балка – Веселий Кут,Красна Балка – Веселий Кут,15.01
С040524,Птахокомплекс – Грузьке,Птахокомплекс – Грузьке,1.4
С040525,Грузьке – Анастасівка – Софіївка,Грузьке – Анастасівка – Софіївка,8.815
С040526,Лозуватка – Дружба,Лозуватка – Дружба,11.14
С040527,Братсько-Семенівка – Надеждівка,Т-04-22 – Івано-,1.5
С040528,Новолозуватка – Грузька Григорівка,Новолозуватка – Грузька Григорівка,4.694
С040529,/Кривий Ріг – Пичугине – Золота Поляна/ – Новомайське,О040502 – Золота Поляна – Новомайське,4.911
С040530,Павлівка – Гейківка,Павлівка – Гейківка,07.01
С040531,Христофорівка – Кудашівка,Христофорівка – Кудашівка,4.613
С040532,/Н-11/ – Новоселівка,Н-11 – Новоселівка,0.59
С040533,/Н-11/ – Дніпровка,Н-11 – Дніпровка,1.5
С040534,/Н-11/ – Червоні Поди – Садове,Н-11 – Червоні Поди – Садове,6.32
С040535,Данилівка – /Кривий Ріг – станція Гейківка/,Данилівка – О040501,1.505
С040536,Новогригорівка – Златоустівка,Новогригорівка – Златоустівка,2.5
С040537,/Кривий Ріг – станція Гейківка/ – Зелений Луг,О040501 – Зелений Луг,1.895
С040538,/Кам’яне Поле – Пичугине – Суворовка – Мар’ївка/ – Андрусівка,С040538 – Андрусівка,1.7
С040539,/Кривий Ріг – станція Гейківка/ – Зелений Гай,О040501 – Зелений Гай,2.55
С040540,Новомар’ївка – Бурлацьке,Новомар’ївка – Бурлацьке,6.674
С040541,Під’їзд до с. Златопіль,Під’їзд до с. Златопіль,1.24
С040542,Під’їзд до с. Степове,Під’їзд до с. Степове,01.05
С040543,Під’їзд до с. Лісове,Під’їзд до с. Лісове,2.12
С040544,Під’їзд до с. Високе Поле,Під’їзд до с. Високе Поле,2.054
С040545,Під’їзд до с. Водяне,Під’їзд до с. Водяне,0.408
С040546,Під’їзд до с. Трудове,Під’їзд до с. Трудове,2.5
С040547,Під’їзд до с. Чабанове,Під’їзд до с. Чабанове,7.3
С040601,Кринички – Одарівка,Кринички – Одарівка,6
С040602,Новомилорадівка – Андріївка – Кудашівка – Потоки,Новомилорадівка – Андріївка – Кудашівка – Потоки,27.602
С040603,Нова Праця – /Т-04-32/,Нова Праця – Т-04-32,1.6
С040604,/Василівка – Катеринопіль – Зоря/ – Привілля,С040604 – Привілля,1.3
С040605,Трудове – Вільне,Трудове – Вільне,2.615
С040606,Грузинівка – /Т-04-32/,Грузинівка – Т-04-32,2.047
С040607,Удачне – Смоленка,Удачне – Смоленка,07.01
С040608,/Т-04-32/ – Тарасівка,Т-04-32 – Тарасівка,2.535
С040609,/Станція Верхньодніпровськ – Верхівцеве – Божедарівка/ – Червоноіванівка,Т-04-29 – Червоноіванівка,10.89
С040610,Калинівка – Преображенка,Калинівка – Преображенка,4.61
С040611,Козодуб – /Верхівцеве – Кринички/,Козодуб – О040304,3.53
С040612,Червоне – /Червона Балка – Томаківка/,Червоне – С040612,5.265
С040613,/М-04/ – Дружба,М-30 – Дружба,1.78
С040614,Сухий Хутір  – /М–04/,Сухий Хутір – М-30,4.907
С040615,/Н-11/ – Черкаське,Н-11 – Черкаське,1.675
С040616,Яблуневе – Кринички,Яблуневе – Кринички,8.52
С040617,/Н-11/ – Новокалинівка – Діброва,Н-11 – Новокалинівка – Діброва,4.542
С040618,Рогівське – /Кам’янське – Світлогірське/,Рогівське – Т-04-30,3.47
С040619,АТ “Агротехсервіс” – Світлогірське,АТ “Агротехсервіс” – Світлогірське,3.48
С040620,/Кам’янське – Світлогірське/ – Суворовське,Т-04-30 – Суворовське,3.073
С040621,Єгорівка – Грушівка,Єгорівка – Грушівка,05.05
С040622,Новомиколаївка – Весела Роща – Вишневе,Новомиколаївка – Весела Роща – Вишневе,4.35
С040623,/Н-08/ – Вишневе – Степанівка,Н-08 – Вишневе – Степанівка,9.95
С040624,Семенівка – Котлярівка,Семенівка – Котлярівка,6.76
С040625,Степанівка – Новопідгірне,Степанівка – Новопідгірне,9
С040626,Теплівка – /Станція Верхньодніпровськ – Верхівцеве –,Теплівка – Т-04-22,2
С040627,Василівка – Катеринопіль – Зоря,Василівка – Катеринопіль – Зоря,11.6
С040628,Саксаганське – /Станція Верхньодніпровськ –,Саксаганське – Т-04-22,0.75
С040629,Павлівка – /Василівка – Катеринопіль – Зоря/,Павлівка – С040629,1.35
С040630,Червоноіванівський інтернат – Червоний Став,Червоноіванівський інтернат – Червоний Став,4.048
С040631,/М-04/ – Світлогірське,М-30 – Світлогірське,2.64
С040632,/М-04/ – Веселе,М-30 – Веселе,0.8
С040633,/М-04/ – Адамівка,М-30 – Адамівка,04.02
С040634,Лозуватське – /Н-11/,Лозуватське – Н-11,3.15
С040635,Кудашівка – /Н-11/,Кудашівка – Н-11,20.175
С040636,Червона Балка – Томаківка,Червона Балка – Томаківка,20.363
С040637,Маломихайлівка – Шмакове,Маломихайлівка – Шмакове,6.906
С040638,Затишне – Гранітне,Затишне – Гранітне,14.27
С040639,Зелений Яр – Кіровка,Зелений Яр – Кіровка,04.09
С040640,/Н-11/ – Високе,Н-11 – Високе,2.135
С040641,Гуляйполе – Бузулуки,Гуляйполе – Бузулуки,10.584
С040642,Гуляйполе – Березине,Гуляйполе – Березине,4.25
С040643,Бикове – Божедарівка,Бикове – Божедарівка,13.305
С040644,Під’їзд до с. Людмилівка,Під’їзд до с. Людмилівка,2
С040645,Під’їзд до с. Лозуватка,Під’їзд до с. Лозуватка,1.62
С040646,Під’їзд до смт Малософіївка,Під’їзд до смт Малософіївка,3
С040701,Гупалівка – Мусієнкове – Чернеччина,Гупалівка – Мусієнкове – Чернеччина,9.45
С040702,/Гупалівка – Юр’ївка – Преображенка/ – Дмухайлівка,С040702 – Дмухайлівка,2.3
С040703,Топчино – /Т-04-13/,Топчино – Т-04-13,12.8
С040704,Веселе – Нововасилівка,Веселе – Нововасилівка,2.77
С040705,Водяне – /Т-04-10/,Водяне – Т-04-10,2.65
С040706,Магдалинівка – Оленівка,Магдалинівка – Оленівка,3.19
С040707,Під’їзд до с. Оленівка,Під’їзд до с. Оленівка,5.11
С040708,Вишневе – /Т-04-10/,Вишневе – Т-04-10,9.49
С040709,Калинівка – /Т-04-10/,Калинівка – Т-04-10,4.54
С040710,Кільчень – /Т-04-10/,Кільчень – Т-04-10,04.05
С040711,Новоіванівка – /Т-04-10/,Новоіванівка – Т-04-10,1.98
С040712,Гавришівка – /Станція Бузівка – Жданівка – Поливанівка/,Гавришівка – С040712,4.98
С040713,Богданівка – Мар’ївка,Богданівка – Мар’ївка,4.55
С040714,Зона відпочинку – канал “Дніпро – Донбас”,Зона відпочинку – канал “Дніпро – Донбас”,4.1
С040715,Краснопілля – Минівка,Краснопілля – Минівка,5.77
С040716,Степанівка – /Т-04-12/,Степанівка – Т-04-12,5.15
С040717,Йосипівка – /Т-04-12/,Йосипівка – Т-04-12,4.95
С040718,Тубдиспансер  – /Т-04-12/,Тубдиспансер – Т-04-12,2
С040719,Ковпаківка – /Т-04-12/,Ковпаківка – Т-04-12,1.46
С040720,Нехвороща – Гупалівка,Нехвороща – Гупалівка,2.99
С040721,Великокозирщина – /Т-04-12/,Великокозирщина – Т-04-12,2.44
С040722,Личкове – Мар’ївка,Личкове – Мар’ївка,16.186
С040723,/Станція Бузівка – Жданівка – Поливанівка/ – Крамарка,О040704 – Крамарка,12.93
С040724,Шевське – /Т-04-10/,Шевське – Т-04-10,1.4
С040725,Трудолюбівка – Олянівка,Трудолюбівка – Олянівка,4.63
С040726,Солодовнікове – Топчино,Солодовнікове – Топчино,3.62
С040727,Тарасівка – /Т-04-13/,Тарасівка – Т-04-13,9.68
С040728,/Т-04-10/ – Дубравка,Т-04-10 – Дубравка,3.11
С040729,/Т-04-14/ – Тарасівка,Т-04-14 – Тарасівка,4.27
С040730,/Т-04-10/ – Запоріжжя,Т-04-10 – Запоріжжя,5.61
С040731,Під’їзд до ХПП с. Личкове,Під’їзд до ХПП с. Личкове,1.891
С040801,Межова – Запорізьке,Межова – Запорізьке,2.242
С040802,Межова – тваринницький комплекс,Межова – тваринницький комплекс,1.697
С040803,Маліївське – Красногорівка – Слов’янка,Маліївське – Красногорівка – Слов’янка,26.813
С040804,Крутоярівка – Слов’янка,Крутоярівка – Слов’янка,10.275
С040805,Васильківське – Всесвятське – Преображенка,Васильківське – Всесвятське – Преображенка,7.4
С040806,Попутне – /Межова – Юр’ївка/,Попутне – О040801,1.921
С040807,/Слов’янка – Межова – Дачне/ – Аеропорт,Т-04-28 – Аеропорт,3.51
С040808,/Слов’янка – Межова – Дачне/ – Чугуєве,Т-04-28 – Чугуєве,3.809
С040809,Мала Покровка – Зелене,Мала Покровка – Зелене,3.68
С040810,Полтавське – Миронове,Полтавське – Миронове,7.437
С040811,Малієве – Крутоярівка – Андронівка,Малієве – Крутоярівка – Андронівка,12.58
С040812,Веселе – Райполе,Веселе – Райполе,13.46
С040813,Новоолександрівка – Новопідгородне,Новоолександрівка – Новопідгородне,7.385
С040814,Українка – Новолозуватівка,Українка – Новолозуватівка,2.588
С040815,/Т-04-06/ – Біляківка,Т-04-06 – Біляківка,10.595
С040816,Олександрівка – /Т-04-06/,Олександрівка – Т-04-06,1.56
С040817,Василівка – /Т-04-06/,Василівка – Т-04-06,1.97
С040818,Веселе – /Межова – Чаус/,Веселе – О040802,0.635
С040819,Антонівське – Федорівське,Антонівське – Федорівське,6.758
С040820,Богданівка – Тарасівка – насосна станція,Богданівка – Тарасівка – насосна станція,10.086
С040821,Володимирівка – Демурине,Володимирівка – Демурине,2.085
С040822,Муравка – Новопавлівка – Філія,Муравка – Новопавлівка – Філія,16.313
С040823,Новопавлівка – сирцех,Новопавлівка – сирцех,1.818
С040824,Під’їзд до с. Іванівка,Під’їзд до с. Іванівка,0.88
С040825,Під’їзд до с. Юр’ївка,Під’їзд до с. Юр’ївка,1.53
С040826,Під’їзд до елеватора і бурякопункту в смт Демурине,Під’їзд до елеватора і бурякопункту в смт Демурине,0.585
С040827,Під’їзд до Межівського сирзаводу,Під’їзд до Межівського сирзаводу,1.817
С040828,Під’їзд до с. Слов’янка,Під’їзд до с. Слов’янка,1.758
С040829,/Т-04-28/ – Межова,Т-04-28 – Межова,1.174
С040901,/Миронівка – Шолохове/ – Степове,С040901 – Степове,6.23
С040902,Межуївка – Лошкарівка,Межуївка – Лошкарівка,1.59
С040903,Хмельницьке – Таврійське,Хмельницьке – Таврійське,9.29
С040904,/Т-04-32/ – Зелене,Т-04-32 – Зелене,1.49
С040905,Криничувате – Охотниче – Менделєєвка,Криничувате – Охотниче – Менделєєвка,10.47
С040906,Веселе – Томаківське – Охотниче,Веселе – Томаківське – Охотниче,5.57
С040907,/Змагання – Лебединське/ – Пахар,Веселе – О040802,2.3
С040908,Олександрівка – Криничувате,Олександрівка – Криничувате,3.37
С040909,Головкове – Христофорівка,Головкове – Христофорівка,3.16
С040910,Сорочине – Звізда – Павлопілля,Сорочине – Звізда – Павлопілля,8.34
С040911,Лебединське – Змагання,Лебединське – Змагання,8.66
С040912,Максимівка – Олександропіль,Максимівка – Олександропіль,5.47
С040913,Веселе – Бекетівка – Чистопіль,Веселе – Бекетівка – Чистопіль,11.87
С040914,Високопіль – /Новоселівка – Чистопіль – Новоіванівка/,Високопіль – О040902,4.98
С040915,Миронівка – Шолохове,Миронівка – Шолохове,11.4
С040916,/Високе – Чкалове/ – Східне,О040906 – Східне,2.27
С040917,Західне – /Високе – Чкалове/,Західне – О040906,1.61
С040918,Старозаводське – Приміське,Старозаводське – Приміське,08.02
С040919,/Н-23/ – Мусіївка,Н-23 – Мусіївка,2.31
С040920,Чортомлик – /Н-23/,Чортомлик – Н-23,1.62
С040921,/Н-23/ – Олексіївка,Н-23 – Олексіївка,4.783
С040922,Під’їзд до с. Лукіївка,Під’їзд до с. Лукіївка,04.01
С040923,Під’їзд до с. Водяне,Під’їзд до с. Водяне,2
С040924,Під’їзд до с. Капулівка,Під’їзд до с. Капулівка,1.25
С041001,/Т-04-10/ – Хуторо-Губиниха – Мар’янівка,Т-04-10 – Хуторо-Губиниха – Мар’янівка,15.96
С041002,Затишне – /Малоандріївка – /Т-04-13//,Затишне – О040707,2.42
С041003,Миколаївка – Губиниха,Миколаївка – Губиниха,11.257
С041004,Мирне – /Новомосковськ – Королівка/,Мирне – О041002,3.43
С041005,/Новомосковськ – Королівка – цегельний завод/ – /М18/,О041002 – М-18,3.486
С041006,Свічанівка – /Вишневе – Перещепинський елеватор – /М-18//,Свічанівка – С041007,0.882
С041007,Вишневе – Перещепинський елеватор – /М-18/,Вишневе – Перещепинський елеватор – М-18,7.59
С041008,База відпочинку – Піщанка,База відпочинку – Піщанка,4.4
С041009,Миролюбівка – /М-18/,Миролюбівка – М-18,6.8
С041010,Стара слобода – Орлівщина,Стара слобода – Орлівщина,2.36
С041011,/М-18/ – ЛТО Хащеве,М-18 – ЛТО Хащеве,7.196
С041012,Голубівка – Гнатівка,Голубівка – Гнатівка,13.95
С041013,Ягідне – /М-18/,Ягідне – М-18,4.16
С041014,Р-п “Поляна” – Знаменівка – /М-04/,Р-п “Поляна” – Знаменівка – М-30,8.59
С041015,Рівне – Багате,Рівне – Багате,4.8
С041016,Комбікормовий завод – /М-18/,Комбікормовий завод – М-18,1.43
С041017,Перещепине – Олександрія,Перещепине – Олександрія,3.48
С041018,Миролюбівка – Голубівка,Миролюбівка – Голубівка,4.27
С041019,Веселе – /Павлоград – Надеждівка – Голубівка/,Веселе – Т-04-22,1.2
С041020,Хутір Ілліча – Попасне,Хутір Ілліча – Попасне,3.8
С041021,/Павлоград – Надеждівка – Голубівка/ – Івано-Михайлівка,Т-04-22 – Івано-Михайлівка,9.32
С041022,Губининський елеватор – /Т-04-13/,Губининський елеватор – Т-04-13,0.381
С041023,Губиниха – Мар’янівка,Губиниха – Мар’янівка,10.91
С041024,//Т-04-10/ – Хуторо-Губиниха – Мар’янівка/ – Новоскотувате,С041001 – Новоскотувате,5.5
С041025,//Т-04-10/ – Хуторо-Губиниха – Марьянівка/ – Скотувате,С041001 – Скотувате,1.38
С041026,База відпочинку – Орлівщина – Піщанка,База відпочинку – Орлівщина – Піщанка,9.791
С041027,КСП “Україна” – /М-04/,КСП “Україна” – М-30,4.66
С041028,Новотроїцьке – з-д Мінводи – /М-04/,Новотроїцьке – завод Мінводи – М-30,05.05
С041029,Перещепинський інкубатор – /Т-04-12/,Перещепинський інкубатор – Т-04-12,0.6
С041030,Піщанка – Новоселівка – Соколове,Піщанка – Новоселівка – Соколове,16.293
С041031,Під’їзд до бурякоприймального пункта,Під’їзд до бурякоприймального пункта,1.52
С041032,Під’їзд до с. Тарасівка,Під’їзд до с. Тарасівка,0.967
С041033,Під’їзд до СГЦ,Під’їзд до СГЦ,0.85
С041034,Під’їзд до с. Воскресенівка,Під’їзд до с. Воскресенівка,1.4
С041101,Підлісне – /Новов’язівське – Кочережки – Булахівка – /М-04//,Підлісне – Т-04-22,1.7
С041102,Межиріч – Новоселівське,Межиріч – Новоселівське,1.66
С041103,Новомиколаївське – /ДОТ – Вербки – Степ – Нова Русь/,Новомиколаївське – О041103,7.74
С041104,Карабинівка – /М-04/,Карабинівка – М-30,1.4
С041105,Миколаївка Друга – Кохівка,Миколаївка Друга – Кохівка,3.58
С041106,Червона Нива – Межиріч,Червона Нива – Межиріч,2.97
С041107,/М-04/ – Червона Долина,М-30 – Червона Долина,0.92
С041108,//М-04/ – Козачий Гай/ – Лиманське,Т-04-26 – Лиманське,2.15
С041109,/М-04/ – Дачне,М-30 – Дачне,16.23
С041110,Богуслав – /М-04/,Богуслав – М-30,1.224
С041111,Тернівка – КСП “Павлоградський”,Тернівка – КСП “Павлоградський”,2.2
С041112,//М-04/ – Дачне/ – Домаха,С041112 – Домаха,3.86
С041113,/Петропавлівка – Сонцеве – Богданівка/ – Мерцалівка,С041113 – Мерцалівка,0.978
С041114,Під’їзд до с. Новоолександрівське,Під’їзд до с. Новоолександрівське,4.6
С041115,Під’їзд до с. Богданівка,Під’їзд до с. Богданівка,0.8
С041201,Плавещина – /Т-04-12/,Плавещина – Т-04-12,4.59
С041202,/Петриківка – Шульгівка/ – Судівка,С041202 – Судівка,6.19
С041203,Чаплинка – Улянівка,Чаплинка – Улянівка,10.99
С041204,Кулішеве – /Т-04-14/,Кулішеве – Т-04-14,8
С041205,КСП ім.Суворова – Петриківка – Сотницьке,КСП ім.Суворова – Петриківка – Сотницьке,8.53
С041206,Іванівка – Радісне – /Т-04-12/,Іванівка – Радісне – Т-04-12,17.74
С041207,/Петриківка – Шульгівка/ – Гречане,С041207 – Гречане,3.52
С041208,Улянівка – /Дніпро – Хутірське/,Улянівка – Т-04-05,1.87
С041209,Під’їзд до с. Шульгівка,Під’їзд до с. Шульгівка,3.41
С041210,Під’їзд до АБЗ райавтодору,Під’їзд до АБЗ райавтодору,1.11
С041301,Водяне – Хороше – Шевченкове,Водяне – Хороше – Шевченкове,28.08
С041302,Бажани – /М-04/,Бажани – М-30,1.8
С041303,Мар’їна Роща – Петрівка – /Петропавлівка – Сонцеве – Богданівка/,Мар’їна Роща – Петрівка – О041302,16.6
С041304,Олександрівка – Богинівка,Олександрівка – Богинівка,4.165
С041305,Старий Колодязь – /Петропавлівка – Олександропіль – Веселе/,Старий Колодязь – Т-04-24,9.515
С041306,Осадче – Олександропіль,Осадче – Олександропіль,6.328
С041307,/Веселе – Олександропіль – Петропавлівка/ – Самарське,Т-04-24 – Самарське,1.33
С041308,Озерне – /Веселе – Олександропіль – Петропавлівка/,Озерне – Т-04-24,1.63
С041309,Олександропіль – Мар’янка,Олександропіль – Мар’янка,19
С041310,Новоселівка – Зелений Гай,Новоселівка – Зелений Гай,3.3
С041311,Товсте – Успенівка,Товсте – Успенівка,1.61
С041312,Вереміївка – Василівка,Вереміївка – Василівка,2.7
С041313,/Олександропіль – Мар’янка/ – Новохорошевське,С041313 – Новохорошевське,9.96
С041314,Хороше – Причепилівка,Хороше – Причепилівка,1.83
С041315,Нововербське – Богдано-Вербки,Нововербське – Богдано-Вербки,6.78
С041316,Зелений Гай – /Петропавлівка – Сонцеве – Богданівка/,Зелений Гай – С041316,1.78
С041317,Запоріжжя – Русакове – Васильківське,Запоріжжя – Русакове – Васильківське,9
С041318,Під’їзд до АФ “Нібас”,Під’їзд до АФ “Нібас”,1.3
С041319,Об’їзд с. Троїцьке,Об’їзд с. Троїцьке,1.26
С041320,Під’їзд до с. Васюківка,Під’їзд до с. Васюківка,2.4
С041321,Під’їзд до с. Троїцьке,Під’їзд до с. Троїцьке,1.7
С041322,Під’їзд до хім. складів,Під’їзд до хім. складів,1.4
С041323,Під’їзд до с. Новопричепилівка,Під’їзд до с. Новопричепилівка,1.5
С041324,Під’їзд до ХПП с. Дмитрівка,Під’їзд до ХПП с. Дмитрівка,1
С041401,Покровське – ХПП,Покровське – ХПП,0.51
С041402,Садове – Зарічне,Садове – Зарічне,4.16
С041403,/Н-15/ – Чорненкове,Н-15 – Чорненкове,4.533
С041404,Вільне – Андріївка,Вільне – Андріївка,6.43
С041405,Чорненкове – Левадне,Чорненкове – Левадне,1.76
С041406,/Т-04-01/ – Отрішки,Т-04-01 – Отрішки,11.506
С041407,Олександрівка – Добропасове,Олександрівка – Добропасове,6.89
С041408,Водяне – Нововодяне,Водяне – Нововодяне,3.345
С041409,Відрадне – Зелений Гай,Відрадне – Зелений Гай,3.9
С041410,/Олександрівка – Вишневе/ – Новоолександрівка,С041410 – Новоолександрівка,3.62
С041411,Добропасове – Коломійці,Добропасове – Коломійці,3.99
С041412,Гапоно-Мечетне – Орли,Гапоно-Мечетне – Орли,5.49
С041413,Мечетне – Кривобокове – Орли,Мечетне – Кривобокове – Орли,9.162
С041414,//Н-15/ – Коломійці – Вербове/ – Вовче,С041414 – Вовче,2.325
С041415,Олексіївка – Орестопіль,Олексіївка – Орестопіль,7.262
С041416,Маломихайлівка – /Дмитрівка – Зелений Гай –,Маломихайлівка – Т-04-27,6.485
С041417,Степове – Березове,Степове – Березове,3.94
С041418,Великомихайлівка – зона відпочинку,Великомихайлівка – зона відпочинку,4.624
С041419,Великомихайлівка – Маліївка,Великомихайлівка – Маліївка,14.579
С041420,/Великомихайлівка – зона відпочинку/ – Лісне,С041420 – Лісне,4.578
С041421,Соснівка – Вороне,Соснівка – Вороне,4.49
С041422,Березове – Тернове,Березове – Тернове,2.8
С041423,/Тернове – Запорізьке/ – Новогеоргіївка,С041423 – Новогеоргіївка,3
С041424,Январське – Воскресінка,Январське – Воскресінка,02.07
С041425,Петриків – Водяне,Петриків – Водяне,5.5
С041426,Дрозди – Зарічне,Дрозди – Зарічне,2.188
С041427,Мечетне – Великомихайлівка,Мечетне – Великомихайлівка,14.025
С041428,/Н-15/ – Коломійці – Вербове,Н-15 – Коломійці – Вербове,19.375
С041429,Олександрівка – рай ШРБУ,Олександрівка – районне шляхове ремонтно-будівельне управління,1.12
С041430,/Великомихайлівка – Маліївка/ – Березове,С041419 – Березове,8.688
С041431,Олександрівка – Вишневе,Олександрівка – Вишневе,10.17
С041432,/Н-15/ – Новоскелювате,Н-15 – Новоскелювате,01.02
С041433,Братське – Зарічне,Братське – Зарічне,4.7
С041434,Тернове – Запорізьке,Тернове – Запорізьке,3.62
С041435,Вишневе – Привілля,Вишневе – Привілля,2.3
С041436,Новогеоргіївка – Темирівка,Новогеоргіївка – Темирівка,2.59
С041437,Єгорівка – Першотравневе,Єгорівка – Першотравневе,5.53
С041501,Лихівка – Байдаківка – Чистопіль,Лихівка – Байдаківка – Чистопіль,34.8
С041502,Комісарівка – /П’ятихатки – Лозуватка – /Мишурин Ріг – Вільногірськ//,Комісарівка – О041509,5.682
С041503,Богдано-Надеждівка – /Р-74/,Богдано-Надеждівка – Р-74,1.47
С041504,Червона Поляна – Мар’янівка,Червона Поляна – Мар’янівка,11.356
С041505,Миколаївка – Липове – Верхньокам’янисте,Миколаївка – Липове – Верхньокам’янисте,21.254
С041506,/Лихівка – Золотницьке/ – Малі Лозки,С041506 – Малі Лозки,2.8
С041507,Виноградівка – Новоукраїнка,Виноградівка – Новоукраїнка,15.824
С041508,Плоске – Олександро-Григорівка – /Мишурин Ріг – Вільногірськ/,Плоске – Олександро-Григорівка – Т-04-23,15.505
С041509,Райдужне – /Мишурин Ріг – Вільногірськ/,П’ятихатки – Лозуватка – Т-04-23,2.15
С041510,/Березняки – Байдаківка – Лозуватка – Долинське/ – Червоний Яр,О041505 – Червоний Яр,6.86
С041511,Ровеньки – Трудолюбівка – Запоріжжя,Ровеньки – Трудолюбівка – Запоріжжя,8.552
С041512,Веселий Поділ – Нововасилівка,Веселий Поділ – Нововасилівка,9.345
С041513,Калинівка – Культура – /Р-74/,Калинівка – Культура – Р-74,6.3
С041514,Зелений Луг – Зоря,Зелений Луг – Зоря,2.9
С041515,Петрівка – /М-04/,Петрівка – М-30,1.505
С041516,Миролюбівка – /Р-74/,Миролюбівка – Р-74,4.23
С041517,/Р-74/ – Красна Воля,Р-74 – Красна Воля,2
С041518,Саксагань – Чумаки,Саксагань – Чумаки,7.3
С041519,/П’ятихатки – Івашинівка – /Т-04-19// – Демурино – Варварівка,О041501 – Демурино – Варварівка,11.33
С041520,Галина Лозуватка – Чигринівка,Галина Лозуватка – Чигринівка,4.37
С041521,Під’ їзд до с. Григорівка,Під’ їзд до с. Григорівка,01.05
С041522,Під’ їзд до с. Суханівка,Під’ їзд до с. Суханівка,3.76
С041523,Під’їзд до с. Терно-Лозуватка,Під’їзд до с. Терно-Лозуватка,0.8
С041524,Під’ їзд до с. Новоіванівка,Під’ їзд до с. Новоіванівка,2.794
С041601,Синельникове – Парне,Синельникове – Парне,3.5
С041602,Сад – /Т-04-01/,Сад – Т-04-01,1.55
С041603,Іларіонове – Знаменівське,Іларіонове – Знаменівське,09.07
С041604,Олександропіль – Обоянівське,Олександропіль – Обоянівське,6.63
С041605,Дубо-Осокорівка – станція Івківка,Дубо-Осокорівка – станція Івківка,13.187
С041606,Лозуватка – /М-18/,Лозуватка – М-18,2.556
С041607,/М-18/ – Хорошеве,М-18 – Хорошеве,1.625
С041608,Надеждівка – Кам’януватка,Надеждівка – Кам’януватка,1.7
С041609,/Василівка-на-Дніпрі – Гірки – Бурханівка – /Синельникове – Славгород// – Надеждине,О041606 – Надеждине,2.94
С041610,Троїцьке – Мажари – Шевченківське,Троїцьке – Мажари – Шевченківське,9.45
С041611,Калинівське – /Синельникове – Миролюбівка – Терса/,Калинівське – С041611,1.5
С041612,Садове – Гострий Камінь,Садове – Гострий Камінь,8.8
С041613,Луб’янка – Вишневецьке,Луб’янка – Вишневецьке,3.96
С041614,Дніпровське – Котлярівське,Дніпровське – Котлярівське,4.412
С041615,Заяче – Терса – Партизани – Новий Посьолок,Заяче – Терса – Партизани – Новий Посьолок,14.605
С041616,Майське – Нове,Майське – Нове,3.47
С041617,/Дороге – Дерезувате/ – Широкосмоленка – Лугове,О041610 – Широкосмоленка – Лугове,5.39
С041618,Тернове – /Т-04-16/,Тернове – Т-04-16,1.628
С041619,/Т-04-16/ – Красне,Т-04-16 – Красне,1.542
С041620,//М-04/ – Козачий Гай/ – Романівка – /Т-04-16/,Т-04-26 – Романівка – Т-04-16,7.012
С041621,Зайцеве – Калинівка,Зайцеве – Калинівка,3.4
С041622,Новопавлоградське – Старовишневецьке,Новопавлоградське – Старовишневецьке,8.712
С041623,Богуславка – /Т-04-01/,Богуславка – Т-04-01,06.06
С041624,/Т-04-01/ – Мар’ївка – Раково,Т-04-01 – Мар’ївка – Раково,14.51
С041625,/Т-04-01/ – Роздори,Т-04-01 – Роздори,1.64
С041626,//Т-04-08/ – Мар’ївка/ – Писарівка,С041626 – Писарівка,3.6
С041627,/Діброва – /М-18// – Воронівка,О041605 – Воронівка,4.53
С041628,/Синельникове – Запорожець/ – Панасівка,С041628 – Панасівка,2.7
С041629,Панасівка – /Дубо-Осокорівка – станція Івківка/,Панасівка – С041629,2.755
С041630,Березнуватка – /Синельникове – Миролюбівка – Терса/,Березнуватка – С041630,2.435
С041631,/Веселе – Олександропіль – Петропавлівка/ – Самарське,Грякувате – О041606,2.95
С041632,Новоолександрівка – Гірки,Новоолександрівка – Гірки,2.9
С041633,Володимирівське – /Василівка-на-Дніпрі – Гірки – Бурханівка – /Синельникове – Славгород//,Володимирівське – О041606,2.95
С041634,Василівка – Михайлівка,Василівка – Михайлівка,2.6
С041635,/Дніпровське – Котлярівське/ – Рудево-Миколаївка,С041614 – Рудево-Миколаївка,3.2
С041636,Варварівка – Зелене,Варварівка – Зелене,1.7
С041637,Ненаситець – Воронове,Ненаситець – Воронове,6
С041638,Новоолександропіль – /Синельникове – Славгород/,Новоолександропіль – Т-04-45,4.98
С041639,Новоолександрівське –Тургенєвка,Новоолександрівське – Тургенєвка,5.57
С041640,/Синельникове – Славгород/ – Польове,Т-04-45 – Польове,4.57
С041641,Під’їзд до с. Морозівське,Під’їзд до с. Морозівське,2.25
С041642,Під’їзд до с. Георгіївка,Під’їзд до с. Георгіївка,0.8
С041643,Під’їзд до с. Новоолександрівка,Під’їзд до с. Новоолександрівка,3.932
С041644,Під’їзд до с. Новомиколаївка,Під’їзд до с. Новомиколаївка,2.425
С041645,Під’їзд до с. Очеретувате,Під’їзд до с. Очеретувате,0.9
С041646,Під’їзд до с. Пристень,Під’їзд до с. Пристень,1
С041647,Під’їзд до с. Павлівка,Під’їзд до с. Павлівка,1.1
С041648,Під’їзд до с. Мар’ївка,Під’їзд до с. Мар’ївка,1.8
С041649,Шахтарське – Мар’ївка,Шахтарське – Мар’ївка,1.26
С041701,Солоне – Гончарка,Солоне – Гончарка,4.346
С041702,Іверське – Осипенко,Іверське – Осипенко,9.9
С041703,Карайкове – /Якимівка – Сурсько-Михайлівка/,Карайкове – С041703,2.6
С041704,Грушівка – Березнуватівка,Грушівка – Березнуватівка,4.53
С041705,Мирне – Павлівка,Мирне – Павлівка,3.49
С041706,Михайлівка – /Т-04-20/,Михайлівка – Т-04-20,8.2
С041707,Письмечеве – /Т-04-20/,Письмечеве – Т-04-20,02.01
С041708,Новопокровка – Товариський Труд,Новопокровка – Товариський Труд,2.78
С041709,Григорівка – Тракторне – /Р-73/,Григорівка – Тракторне – Р-73,05.01
С041710,Любов – Перше Травня,Любов – Перше Травня,2.709
С041711,Панькове – /Н-08/,Панькове – Н-08,2.91
С041712,Новоселівка – Червонокам’яне,Новоселівка – Червонокам’яне,2.32
С041713,Широкополе – Любимівка,Широкополе – Любимівка,5.315
С041714,Антонівка – Василівка,Антонівка – Василівка,4.23
С041715,Новотарасівка – Маяк,Новотарасівка – Маяк,2.6
С041716,Звонецьке – //Н-08/ – Микільське-на-Дніпрі/,Звонецьке – О041706,10.29
С041717,Межове – Березнуватівка,Межове – Березнуватівка,4.45
С041718,Звонецький Хутір – //Н-08/ – Микільське-на-Дніпрі/,Звонецький Хутір – О041706,3.15
С041719,Березнуватівка – Константинівка,Березнуватівка – Константинівка,4.37
С041720,Олексіївка – Микільське-на-Дніпрі,Олексіївка – Микільське-на-Дніпрі,03.09
С041721,Трудолюбівка – Микільське,Трудолюбівка – Микільське,2.18
С041722,Калинівка – Вовніги,Калинівка – Вовніги,5.1
С041723,Калинівка – Гроза,Калинівка – Гроза,02.01
С041724,Калинівка – Башмачка – Кам’яно-Зубилівський кар’єр,Калинівка – Башмачка – Кам’яно-Зубилівський кар’єр,7.765
С041725,Голубинівка – Промінь,Голубинівка – Промінь,1.42
С041726,Дальне – Новопокровка,Дальне – Новопокровка,13.15
С041727,Малинове – Дружелюбівка,Малинове – Дружелюбівка,4.8
С041728,Барвінок – Хижине,Барвінок – Хижине,5.924
С041729,Томаківка – Новомар’ ївка,Томаківка – Новомар’ ївка,5.62
С041730,Пшеничне – Григорівка,Пшеничне – Григорівка,16.625
С041731,Незабудине – Тихе,Незабудине – Тихе,14.028
С041732,Багате – Водяне,Багате – Водяне,6.044
С041733,Бутовичівка – Новоандріївка,Бутовичівка – Новоандріївка,7.9
С041734,Розтання – /Солоне – Лошкарівка/,Розтання – С041734,1.94
С041735,Миколо – Мусіївка – Миропіль – Олександрівка,Миколо – Мусіївка – Миропіль – Олександрівка,9.598
С041736,Тихе – Долинське,Тихе – Долинське,3.58
С041737,Новопокровка – Павлівка – Квітуче,Новопокровка – Павлівка – Квітуче,11.828
С041738,Багате – Малозахарине,Багате – Малозахарине,8.634
С041739,Під’їзд до ХПП Незабудине,Під’їзд до ХПП Незабудине,2.99
С041740,Під’їзд до с. Петрівське,Під’їзд до с. Петрівське,1.95
С041741,Під’їзд до ПТФ “Молодіжний”,Під’їзд до ПТФ “Молодіжний”,2.21
С041801,Софіївка – Володимирівка – Непереможне,Софіївка – Володимирівка – Непереможне,25.8
С041802,Володимирівка – Райполе,Володимирівка – Райполе,8.4
С041803,Водяне – Сергіївка – Мар’є-Дмитрівка – Червоний Яр,Водяне – Сергіївка – Мар’є-Дмитрівка – Червоний Яр,26.533
С041804,/Т-04-19/ – Макорти – Андріївка,Т-04-19 – Макорти – Андріївка,4
С041805,/Т-04-19/ – Андріївка – Южне,Т-04-19 – Андріївка – Южне,12.4
С041806,Лісосклад станції Девладове – /Т-04-19/,Лісосклад станції Девладове – Т-04-19,1.33
С041807,/Н-11/ – Олексіївка,Н-11 – Олексіївка,7.75
С041808,Новохортиця – Вишневе,Новохортиця – Вишневе,6.7
С041809,Павлівка – /Т-04-19/,Павлівка – Т-04-19,2.3
С041810,Явдохівка – /Т-04-19/,Явдохівка – Т-04-19,1.3
С041811,/Братське – Софіївка – /Н-11// – Т-04-19,О041803 – Т-04-19,1.54
С041812,/Братське – Софіївка – /Н–11// – /Софіївка – Володимирівка – Непереможне/,О041803 – С041801,1.5
С041813,/Братське – Софіївка – /Н-11// – комбікормовий завод,О041803 – комбікормовий завод,0.97
С041814,Нововітебське – Нові Ковна,Нововітебське – Нові Ковна,6.3
С041815,Михайлівка – Петрове – Братська Могила,Михайлівка – Петрове – Братська Могила,10.1
С041816,Новоподільське – /Т-04-19/,Новоподільське – Т-04-19,5.7
С041817,Жовте – Миколаївка,Жовте – Миколаївка,15.532
С041818,Нововасилівка – Тернуватка,Нововасилівка – Тернуватка,8
С041819,Назарівка – /Т-04-32/,Назарівка – Т-04-32,5.9
С041821,Нова Зоря – Олександрівка,Нова Зоря – Олександрівка,10.3
С041822,Любе – /Софіївка – Перше Травня – станція Милорадове/,Любе – О041801,1.3
С041823,/Н-11/ – Любимівка – /Н-11/,Н-11 – Любимівка – Н-11,1.8
С041824,/Н-11/ – /Софіївка – Володимирівка – Непереможне/,Н-11 – С041824,7
С041825,Широке – Тарасівка,Широке – Тарасівка,4.3
С041826,Трудолюбівка – /Н-11/,Трудолюбівка – Н-11,4.15
С041827,Петрівка – /Т-04-32/,Петрівка – Т-04-32,1.43
С041828,/Н-11/ – Новопетрівка,Н-11 – Новопетрівка,2.6
С041829,Кам’янка – Ізлучисте,Кам’янка – Ізлучисте,4.8
С041830,Українка – Петропавлівка,Українка – Петропавлівка,6.3
С041831,Під’їзд до с. Олексіївка,Під’їзд до с. Олексіївка,01.02
С041832,/Т-04-34/ – Сергіївка,Т-04-34 – Сергіївка,0.755
С042001,Царичанка – Лисківка – Калинівка – Прядівка,Царичанка – Лисківка – Калинівка – Прядівка,16.05
С042002,Дашківка – Рибалки – Китайгород,Дашківка – Рибалки – Китайгород,12.455
С042003,Щербинівка – Рудка,Щербинівка – Рудка,5.8
С042004,Селянівка – Дубове – Турове,Селянівка – Дубове – Турове,7.31
С042005,Дубове – Турове,Дубове – Турове,2.9
С042006,Івано-Яризівка – Вербове,Івано-Яризівка – Вербове,2.4
С042007,/Михайлівка – Бабайківка – Івано-Яризівка/ – Кущівка,О042003 – Кущівка,2.108
С042008,/Михайлівка – Бабайківка – Івано-Яризівка/ – Преображенка,О042003 – Преображенка,5.611
С042009,Могилів – Новопідкряж,Могилів – Новопідкряж,5.64
С042010,Гнатівка – Червона Орілька – Михайлівка,Гнатівка – Червона Орілька – Михайлівка,6
С042011,Рудка – Цибульківка – Єгорине,Рудка – Цибульківка – Єгорине,10.3
С042012,Бабайківка – /Михайлівка – Бабайківка – Івано-Яризівка/,Бабайківка – О042003,2.049
С042013,Ненадівка – Юр’ївка,Ненадівка – Юр’ївка,4.585
С042014,Семенівка – /Ненадівка – Юр’ївка/,Семенівка – С042013,2.3
С042015,Заорілля – /Гнатівка – Червона Орілька – Михайлівка/,Заорілля – С042010,1.375
С042016,Андріївка – Залелія – Ляшківка – Рибалки,Андріївка – Залелія – Ляшківка – Рибалки,24.59
С042017,Лозуватка – Помазанівка,Лозуватка – Помазанівка,3.25
С042018,Ляшківка – Назаренки – Шарівка,Ляшківка – Назаренки – Шарівка,4.25
С042019,Китайгород – Цибульківка – Молодіжне,Китайгород – Цибульківка – Молодіжне,19.65
С042020,Новопідкряж – Супина – /Н-31/,Новопідкряж – Супина – Н-31,6
С042021,Під’їзд до с. Рибалки,Під’їзд до с. Рибалки,2.1
С042022,Під’ їзд до с. Могилів,Під’ їзд до с. Могилів,2.37
С042023,Під’їзд до с. Могилів-2,Під’їзд до с. Могилів-2,2.32
С042101,Широке – Лісгосп,Широке – Лісгосп,3.21
С042102,Новомалинівка – //Н-11/ – аеропорт/,Новомалинівка – С042102,2.56
С042103,Мирне – Інгулець,Мирне – Інгулець,15.74
С042104,Розівка – ІнГЗК,Розівка – ІнГЗК,11.45
С042105,Новомалинівка – Зелений Став – Широка Долина – Зелене,Новомалинівка – Зелений Став – Широка Долина – Зелене,19.25
С042106,Шведове – //Н-11/ – аеропорт/,Шведове – О042104,1.76
С042107,Явдотівка – Карпівка,Явдотівка – Карпівка,10.9
С042108,Веселий Став – Андріївка,Веселий Став – Андріївка,6.37
С042109,Новокурське – /Широке – Шестірня – Заградівка/,Новокурське – Т-04-47,4.21
С042110,Радевичеве – /Широке – Шестірня – Заградівка/,Радевичеве – Т-04-47,02.03
С042111,/Широке – Шестірня – Заградівка/ – Надія,Т-04-47 – Надія,2.39
С042112,Червоний Ранок – /Н-11/,Червоний Ранок – Н-11,4.79
С042113,/Н-11/ – Макарівка,Н-11 – Макарівка,1.43
С042114,Курганка – Нове,Курганка – Нове,4.11
С042115,Миролюбівка – Олександрівка,Миролюбівка – Олександрівка,13.25
С042116,Миролюбівка – Свистунове,Миролюбівка – Свистунове,2.64
С042117,Гречані Поди – Озерне,Гречані Поди – Озерне,17.658
С042118,/Кривий Ріг – Інгулець/ – Стародобровільске,<Кривий Ріг – Інгулець> – Стародобровільске,01.06
С042119,Новоселівка – Інгулець – /Р-74/,Новоселівка – Інгулець – Р-74,8.067
С042120,Полтавка – /Новомалинівка – Зелений Став – Широка Долина – Зелене/,Полтавка – С042105,02.05
С042121,Яблуневе – Червоне – //Н-11/ – аеропорт/,Яблуневе – Червоне – О042104,4.25
С042122,Нове Життя – /Т-04-11/,Нове Життя – Т-04-11,2.4
С042123,Подове – /Т-04-11/,Подове – Т-04-11,0.93
С042124,Новомалинівка – Цвіткове – Карпівка,Новомалинівка – Цвіткове – Карпівка,5.84
С042125,ХПП – Карпівка – Зелений Гай,ХПП – Карпівка – Зелений Гай,11.103
С042126,Олександрія – Тихий Став,Олександрія – Тихий Став,6.18
С042127,/Явдотівка – Карпівка/ – Плугатар,С042107 – Плугатар,1.441
С042128,Подидар – Кравці,Подидар – Кравці,0.91
С042129,Надія – Новоукраїнка,Надія – Новоукраїнка,5.58
С042130,Радевичеве – Могилівка,Радевичеве – Могилівка,06.06
С042131,ІнГЗК – /Веселий Став – Андріївка/,ІнГЗК – С042108,01.02
С042132,Дачне – Кошове,Дачне – Кошове,8.46
С042133,Заберіжжя – Городуватка,Заберіжжя – Городуватка,5.14
С042134,Шерстірня – Ганнівка,Шерстірня – Ганнівка,5.43
С042135,Об’їзд смт Широке,Об’їзд смт Широке,01.05
С042136,Дем’янівка  – Широка Дача,Дем’янівка – Широка Дача,3.047
С042137,Під’їзд до с. Зелений Став,Під’їзд до с. Зелений Став,0.991
С042138,Під’їзд до с. Інгулець,Під’їзд до с. Інгулець,0.96
С042139,Під’їзд до с. Красний Під,Під’їзд до с. Красний Під,0.632
С042140,Під’їзд до с. Пологи,Під’їзд до с. Пологи,0.521
С042141,//Н-11/ – аеропорт/ – ІнГЗК,О042104 – ІнГЗК,1.77
С042142,Могилівка – Андріївка,Могилівка – Андріївка,1.91
С042201,П’ятихатки – Преображенка,П’ятихатки – Преображенка,16.15
С042202,Чернявщина – Терни,Чернявщина – Терни,9.96
С042203,Під’їзд до с.Терни,Під’їзд до с.Терни,0.8
С042204,Сокільське – Улянівка,Сокільське – Улянівка,2.19
С042205,/Т-04-12/ – Кіндратівка,Т-04-12 – Кіндратівка,4.1
С042206,/Р-51/ – Василівка,Р-51 – Василівка,02.05
С042207,Федорівське – Новоіванівське,Федорівське – Новоіванівське,6.75
С042208,Варламівка – /Р-51/,Варламівка – Р-51,0.51
С042209,Дубове – Водяне,Дубове – Водяне,6.8
С042210,/Шандрівка – Варварівка – Івано-Межиріцьке – Новогригорівка/ – Зарічне,О042203 – Зарічне,3.44
С042211,/Шандрівка – Варварівка – Івано-Межиріцьке – Новогригорівка/ – Широка Балка,О042203 – Широка Балка,4.73
С042212,Весела Гірка – /Шандрівка – Варварівка – Івано Межиріцьке – Новогригорівка/,Весела Гірка – О042203,1.84
С042213,Долина – /Вербуватівка – Нижнянка/,Долина – С042214,2.48
С042214,Вербуватівка – Нижнянка,Вербуватівка – Нижнянка,6.6
С042215,Під’їзд до с.Чаплинка,Під’їзд до с.Чаплинка,0.5
С042216,Під’їзд до бази Юр’ївського райавтодору,Під’їзд до бази Юр’ївського райавтодору,1.31
С042217,Лиманське – Жемчужне,Лиманське – Жемчужне,0.8
С041901,Томаківка – Олександрівка – /Р-73/,Томаківка – Олександрівка – Р-73,12.755
С041902,Крутеньке – Червоний Яр – /Р-73/,Крутеньке – Червоний Яр – Р-73,11.29
С041903,КСП “Победа” – /Т-04-20/,КСП “Победа” – Т-04-20,3.8
С041904,КСП “Родина” – /Мирове – Топила – Весела Федорівка/,КСП “Родина” – С041917,1.38
С041905,/Т-04-20/ – Катьощине,Т-04-20 – Катьощине,02.07
С041906,Шахта №7 – /Т-04-20/,Шахта №7 – Т-04-20,8.888
С041907,Запорізьке – Запорізька Балка,Запорізьке – Запорізька Балка,10.18
С041908,Вищетарасівка – рибколгосп “Дружба”,Вищетарасівка – рибколгосп “Дружба”,1.97
С041909,/Т-04-20/ – Новопавлівка,Т-04-20 – Новопавлівка,3.94
С041910,Новокраснопіль – Краснопіль,Новокраснопіль – Краснопіль,2.095
С041911,/Р-73/ – Баркове,Р-73 – Баркове,4.7
С041912,Бройлєрна ф-ка – Преображенка,Бройлєрна фабрика – Преображенка,7.185
С041913,Зелений Гай – Веселий Яр – Широке,Зелений Гай – Веселий Яр – Широке,5.98
С041914,Михайлівка – /Н-23/,Михайлівка – Н-23,5.485
С041915,/Н-23/ – Гарбузівка,Н-23 – Гарбузівка,1.32
С041916,Степанівка – Високе,Степанівка – Високе,2.13
С041917,Мирове – Топила – Весела Федорівка,Мирове – Топила – Весела Федорівка,8
С041918,Мирове – сільхозтехніка,Мирове – сільхозтехніка,2.595
С041919,Новомихайлівка – Запорізька Балка,Новомихайлівка – Запорізька Балка,1.53
С041920,/Мирове – Високе – /Н-23// – Глухе – Новокиївка,О041904 – Глухе – Новокиївка,20.94
С041921,/Запорізьке – Запорізька Балка/ – Виводове,С041907 – Виводове,4.062
С041922,Запорізька Балка – Ганнівка,Запорізька Балка – Ганнівка,2.26
С041923,Під’їзд до с. Новокам’янка,Під’їзд до с. Новокам’янка,1.735
С041924,Під’їзд до с. Вільне,Під’їзд до с. Вільне,1.57
С041925,Під’їзд до с. Маяк,Під’їзд до с. Маяк,1.5
С041926,Під’їзд до с. Прогрес,Під’їзд до с. Прогрес,2.66