uid,ref,official_name,name,distance,district
1057811006,С100101,МАЛА ТАРАСIВКА - ПОДІЛЛЯ,Мала Тарасівка – Поділля,6.4,Баришівський район
1057811005,С100102,СЕЛИЩЕ-ХЛОПКІВ-/БАРИШІВКА-ЛУКАШІ/,Селище – Хлопків – О100101,6,Баришівський район
1057811004,С100103,КОРЖІ- /БОРИСПІЛЬ - БЕРЕЗАНЬ-ЯГОТИН/,Коржі – Т-10-18,5.1,Баришівський район
1057811003,С100104,/М-03/ - БОРЩІВ,М-03 – Борщів,0.5,Баришівський район
1057811002,С100105,/М-03/ - КОРЖІ,М-03 – Коржі,4.6,Баришівський район
1057811001,С100106,СЕМЕНІВКА - ЛЕЛЯКИ - / М-03/,Семенівка – Леляки – М-03,4.7,Баришівський район
1057811000,С100107,/Н-07/-ЛУКЯНІВКА-ВОЙТОВЕ,Н-07 – Лук'янівка – Войтове,22.5,Баришівський район;Згурівський район
1057810999,С100108,КОРНІЇВКА-НЕДРА-/ЗГУРІВКА-БЕРЕЗАНЬ - /М-03/,Корніївка – Недра – О100113,12.1,Баришівський район
1057810998,С100109,ЛЕХНІВКА-/ЗГУРІВКА-БЕРЕЗАНЬ- /М-03/,Лехнівка – О100113,2.3,Баришівський район
1057810976,С100110,ПИЛИПЧЕ-/ЗГУРІВКА-БЕРЕЗАНЬ -/ М-03/,Пилипче – О100113,2,Баришівський район
1057810975,С100111,ЯБЛУНЕВЕ - ГРИГОРIВКА,Яблуневе – Григорівка,2.1,Баришівський район
1057810974,С100112,ПАРИШКIВ - БАКУМІВКА,Паришків – Бакумівка,4.2,Баришівський район
1057810973,С100113,/БОРИСПIЛЬ - БЕРЕЗАНЬ-ЯГОТИН/ - ХМЕЛЬОВИК,Т-10-18 – Хмельовик,6.4,Баришівський район
1057810972,С100114,ШВАЧИХА - /БОРИСПІЛЬ - БЕРЕЗАНЬ-ЯГОТИН/,Швачиха – Т-10-18,1.3,Баришівський район
1057810045,С100201,/ФАСТІВ-КОЖАНКА-ФУРСИ-ЯБЛУНІВКА-ВОЛОДАРКА/-МАТЮШІ,Т-10-13 – Матюші,7.2,Білоцерківський район
1057810044,С100202,ДРОЗДИ - ВОЛОДИМИРІВКА - /КИЇВ-ФАСТІВ-Б ЦЕРКВА -ТАРАЩА- ЗВЕНИГОРОДКА/,Дрозди – Володимирівка – Р-04,7.1,Білоцерківський район
1057810043,С100203,МАЗЕПИНЦI - /КИЇВ-ФАСТІВ-БІЛА ЦЕРКВА -ТАРАЩА- ЗВЕНИГОРОДКА/,Мазепинці – Р-04,3.9,Білоцерківський район
1057810042,С100204,СИДОРИ - /КИЇВ-ФАСТІВ-БІЛА ЦЕРКВА - ТАРАЩА-ЗВЕНИГОРОДКА/,Сидори – Р-04,4.1,Білоцерківський район
1057810041,С100205,ПИЛИПЧА - /БІЛА ЦЕРКВА-ТЕТІЇВ-ЛИПОВЕЦЬ-ГУМЕННЕ/-/М-12/,Пилипча – Р-17,3.8,Білоцерківський район
1057810040,С100206,СОРОКОТЯГИ - КОРЖІВКА - ОЗЕРНА,Сорокотяги – Коржівка – Озерна,8.5,Білоцерківський район
1057810039,С100207,/КИЇВ-ФАСТІВ-БІЛА ЦЕРКВА - ТАРАЩА-ЗВЕНИГОРОДКА/ - ВIЛЬНА ТАРАСIВКА,Р-04 – Вільна Тарасівка,1.4,Білоцерківський район
1057810038,С100208,/М-05/- ХРАПАЧІ - ОЛIЙНИКОВА СЛОБОДА,М-05 – Храпачі – Олійникова Слобода,12,Білоцерківський район
1057810037,С100209,/М-05/ - ПІЩАНА - СКРЕБИШI,М-05 – Піщана – Скребиші,10.7,Білоцерківський район
1057810015,С100210,КРАСНЕ - СТЕПОК - ЛЮДВИНІВКА,Красне – Степок – Людвинівка,8.4,Білоцерківський район
1057810014,С100211,/МАЛА ВIЛЬШАНКА - КРИВЕЦЬ/ - ЧУПИРА-2 - ГОСТРА МОГИЛА,О100201 – Чупира-2 – Гостра Могила,15,Білоцерківський район;Ставищенський район
1057810013,С100212,/М-05/ - ПІЩАНА/-ГЛУШКИ,С100209 – Глушки,0.8,Білоцерківський район
1057810012,С100213,/Н-02/ - СЕМИХАТКИ,Н-02 – Семихатки,3,Білоцерківський район
1057810011,С100214,/Н-02/ - ТОМИЛIВКА,Н-02 – Томилівка,5.5,Білоцерківський район
1057810010,С100215,ФУРСИ - ЧМИРІВКА - ТРУШКИ,Фурси – Чмирівка – Трушки,9,Білоцерківський район
1057810009,С100216,ЯБЛУНІВКА-ШАМРАЇВКА,Яблунівка – Шамраївка,10.8,Білоцерківський район;Сквирський район
1057810008,С100217,/Р-04/- КЛОЧКИ/-КОЖЕНИКИ,С100224 – Коженики,1.5,Білоцерківський район
1057810007,С100218,/КИЇВ-ФАСТІВ-БІЛА ЦЕРКВА -ТАРАЩА- ЗВЕНИГОРОДКА /- ШКАРIВКА,Р-04 – Шкарівка,4.1,Білоцерківський район
1057810006,С100219,ГОРОДИЩЕ - ПИЛИПЧА,Городище – Пилипча,1.3,Білоцерківський район
1057809984,С100220,ФЕСЮРИ - ЩЕРБАКИ,Фесюри – Щербаки,3.9,Білоцерківський район
1057809983,С100221,ПОТIЇВКА - ЧУПИРА,Потіївка – Чупира,3.9,Білоцерківський район
1057809982,С100222,БУДЕННЕ - МИХАЙЛІВКА - /Н-02/,Буденне – Михайлівка – Н-02,13.4,Білоцерківський район
1057809981,С100223,ФЕСЮРИ-ЯБЛУНІВКА,Фесюри – Яблунівка,4.5,Білоцерківський район
1057809980,С100224,КЛОЧКИ - / КИЇВ-ФАСТІВ-БІЛА ЦЕРКВА - ТАРАЩА-ЗВЕНИГОРОДКА/,Клочки – Р-04,5.1,Білоцерківський район
1057809979,С100225,ПІД'ЇЗД ДО с. ХРАПАЧІ,Під'їзд до с. Храпачі,1.2,Білоцерківський район
1057809978,С100226,ГОРОДИЩЕ ПУСТОВАРIВСЬКЕ - ФАСТІВКА - /БIЛА ЦЕРКВА - ТЕТІЇВ-ЛИПОВЕЦЬ-ГУМЕННЕ-/М-12/,Городище Пустоварівське – Фастівка – Р-17,8.3,Білоцерківський район
1057809977,С100227,ЯБЛУНIВКА - /БІЛА ЦЕРКВА-ТЕТІЇВ-ЛИПОВЕЦЬ-ГУМЕННЕ/-/М-12/,Яблунівка – Р-17 – М-12,8.1,Білоцерківський район
1057809084,С100301,ДIБРІВКА - ГУТА,Дібрівка – Гута,5.6,Богуславський район
1057809083,С100302,ТУНИКИ - КАРАНДИНЦI,Туники – Карандинці,5.7,Богуславський район
1057809082,С100303,/КИЇВ-ФАСТІВ-БІЛА ЦЕРКВА - ТАРАЩА-ЗВЕНИГОРОДКА/ - ПОБЕРЕЖКА,Р-04 – Побережка,5.8,Богуславський район
1057809081,С100304,БIЇВЦI - /БОГУСЛАВ - СТЕБЛIВ/,Біївці – О100302,5.4,Богуславський район
1057809080,С100305,/ ЯХНИ - КАЛИНIВКА / - ВІЛЬХІВЕЦЬ,О101510 – Вільхівець,5.3,Богуславський район
1057809079,С100306,/IСАЙКИ - ЩЕРБАШЕНЦI/ - ЯЦЮКИ,О100314 – Яцюки,2,Богуславський район
1057809078,С100307,/МИРОНІВКА - БОГУСЛАВ/ - /Р-04/ - РОЗКОПАНЦІ,Т-10-22 – Розкопанці,1,Богуславський район
1057809077,С100308,МИРОНІВКА-БОГУСЛАВ- /Р-04/ - IВКИ,Т-10-22 – Івки,2,Богуславський район
1057809054,С100310,/БОГУСЛАВ - IВАНIВКА/ - МОСКАЛЕНКИ,О100305 – Москаленки,2.4,Богуславський район
1057809053,С100311,ІВАНІВКА- СТАНЦІЯ ТАГАНЧА,Іванівка – станція Таганча,1.1,Богуславський район
1057809052,С100312,/ХОХIТВА - БIЇВЦI/ - ДЕШКИ,О100312 – Дешки,2.8,Богуславський район
1057808123,С100401,МАЛА ОЛЕКСАНДРIВКА - ВЕЛИКА ОЛЕКСАНДРIВКА,Мала Олександрівка – Велика Олександрівка,3.7,Богуславський район
1057808122,С100402,МАЛА ОЛЕКСАНДРIВКА - ГОРА,Мала Олександрівка – Гора,3.8,Богуславський район
1057808121,С100403,/БРОВАРИ-ТРЕБУХІВ-ГОРА/-ДУДАРКІВ,О100610 – Дударків,2.8,Богуславський район
1057808120,С100404,РЕВНЕ - ЗАТИШНЕ,Ревне – Затишне,3,Богуславський район
1057808119,С100405,ГЛИБОКЕ - ГОРОДИЩЕ -/Н-08/,Глибоке – Городище – Н-08,7.3,Богуславський район
1057808118,С100406,/Н-08/ - МИРНЕ-МАЛI ЄРКIВЦI,Н-08 – Мирне – Малі Єрківці,7.4,Богуславський район
1057808117,С100407,БЕЗУГЛIВКА-МАЛА ОЛЕКСАНДРIВКА,Безуглівка – Мала Олександрівка,2.1,Богуславський район
1057808116,С100408,/Н-08/ - РОГОЗIВ,Н-08 – Рогозів,6.4,Богуславський район
1057808115,С100409,ЗАЙМИЩЕ-ДУДАРКIВ,Займисьте – Дударків,4.4,Богуславський район
1057808093,С100410,СЕНЬКIВКА - АРТЕМIВКА,Сеньківка – Артемівка,9.5,Богуславський район
1057808092,С100411,МАЛI ЄРКIВЦI - /Н-08/,Малі Єрківці – Н-08,3.5,Богуславський район
1057808091,С100412,МАЛА ОЛЕКСАНДРIВКА - НОВА ОЛЕКСАНДРIВКА,Мала Олександрівка – Нова Олександрівка,2.8,Богуславський район
1057808090,С100413,/Р-03/- ПРОЛIСКИ,Р-03 – Проліски,0.7,Богуславський район
1057808089,С100414,/М-01/-РУДНЯ-ГОГОЛIВ-БОРИСПIЛЬ/ - СЕНЬКIВКА,Т-10-04 – Сеньківка,3.8,Богуславський район
1057808088,С100415,ТАРАСІВКА - ВЕСЕЛИНІВКА,Тарасівка – Веселинівка,8.2,Баришівський район;Богуславський район
1057808087,С100416,/Р-03/- ЛОЗIВКА,Р-03 – Лозівка,2.6,Богуславський район
1057808086,С100417,/КИЇВ-РЕВНЕ-РОГОЗIВ/ - МАРТУСIВКА,Т-10-16 – Мартусівка,3.9,Богуславський район
1057808085,С100418,/М-03/ - IВАНКIВ,М-03 – Іванків,1.1,Богуславський район
1057808084,С100419,/М-03/-ЛЮБАРЦI-СТАРЕ/ - ВАСИЛЬКИ,О100409 – Васильки,2.1,Богуславський район
1057808062,С100420,/М-03/ - ЩАСЛИВЕ,М-03 – Щасливе,3,Богуславський район
1057808061,С100421,/КИЇВ-РЕВНЕ-РОГОЗІВ/-ВОРОНЬКІВ,Т-10-16 – Вороньків,4.6,Богуславський район
1057808060,С100422,ВИШЕНЬКИ-РЕВНЕ,Вишеньки – Ревне,5,Богуславський район
1057808059,С100423,/М-01/- РУДНЯ-ГОГОЛIВ-БОРИСПIЛЬ/ - ГОРОБIЇВКА,Т-10-04 – Горобіївка,1.6,Богуславський район
1057808058,С100424,РОГОЗIВ - СТАРЕ,Рогозів – Старе,7.9,Богуславський район
1057808057,С100425,КИЇВ-ВИШЕНЬКИ-ГНІДИН,Київ – Вишеньки – Гнідин,2.6,Богуславський район
1057807162,С100501,"ПІД""ЇЗД ДО с. ПIСКIВКА",Під'їзд до с. Пісківка,5.7,Бородянський район
1057807161,С100502,ЯЗВИНКА - НОВОМИРIВКА,Язвинка – Новомирівка,4.2,Бородянський район
1057807160,С100503,ЗАГАЛЬЦІ-НОВА БУДА,Загальці – Нова Буда,5.6,Бородянський район
1057807159,С100504,/М-07/- ПОТАШНЯ - БОНДАРНЯ - /М-07/,М-07 – Поташня – Бондарня – М-07,3.9,Бородянський район
1057807158,С100505,БАБИНЦІ - БУДА БАБИНЕЦЬКА,Бабинці – Буда Бабинецька,4.5,Бородянський район
1057807157,С100506,/М-07/ - ПИЛИПОВИЧI - КЛАВДІЄВО-ТАРАСОВЕ,М-07 – Пилиповичі – Клавдієво-Тарасове,6,Бородянський район
1057807156,С100507,ВАБЛЯ - ПОРОСКОТЕНЬ,Вабля – Пороскотень,7.1,Бородянський район
1057807155,С100508,МІРЧА - ВЕЛИКИЙ ЛІС,Мірча – Великий Ліс,6.3,Бородянський район
1057807154,С100509,ЛУБ'ЯНКА - ОЗЕРА,Луб'янка – Озера,3.5,Бородянський район
1057807132,С100510,/ДЕМИДІВ-ГОСТОМЕЛЬ/-/ГОСТОМЕЛЬ-БЕРЕСТЯНКА-МИРЧА-/М-07/ ЧЕРЕЗ ОЗЕРА,Т-10-02 – Озера – О101301,4.8,Бородянський район
1057807131,С100511,/КИЇВ-КОВЕЛЬ-ЯГОДИН/ - МИКУЛИЧІ,М-07 – Микуличі,1.5,Бородянський район
1057807130,С100512,МАР'ЯНIВКА - /ІВАНКІВ-ПІСКІВКА /НА РАДОМИШЛЬ/,Мар'янівка – О101110,5,Бородянський район
1057807129,С100513,/ГОСТОМЕЛЬ-БЕРЕСТЯНКА-МИРЧА-/М-07/ - БАБИНЦI,О101301 – Бабинці,4.1,Бородянський район
1057807128,С100514,/ГОСТОМЕЛЬ-БЕРЕСТЯНКА-МИРЧА-/М-07/ - /МАКАРIВ-ЛЮБИДВА/ З ПОД'ЇЗДОМ ДО с.ЗДВИЖIВКА,О101301 – О101402 з під'їздом до с.Здвижівка,4.2,Бородянський район
1057807127,С100515,/ГОСТОМЕЛЬ--БЕРЕСТЯНКА-МИРЧА-/М-07/- СТАРА БУДА,О101301 – Стара Буда,1.5,Бородянський район
1057807126,С100516,/НЕМІШАЄВЕ-МИКОЛАЇВКА З ПІД'ЇЗДОМ ДО с.ХМІЛЬНА/- ДIБРОВА,О100507 – Діброва,3.6,Бородянський район
1057807125,С100517,/КИЇВ-КОВЕЛЬ-ЯГОДИН/ - /ФЕНЕВИЧІ-БОРОДЯНКА-МАКАРІВ-БИШІВ/,М-07 – Т-10-19,2.8,Бородянський район
1057806201,С100601,ПЕРЕМОГА-КВІТНЕВЕ,Перемога – Квітневе,2.9,Броварський район
1057806200,С100602,РОЖIВКА-/ПУХIВКА-КАЛИНIВКА/,Рожівка – О100604,3.3,Броварський район
1057806199,С100603,/ТРЕБУХIВ-ГОГОЛIВ/- ПЕРЕМОЖЕЦЬ,О100611 – Переможець,1.6,Броварський район
1057806198,С100604,/М-01/-РУДНЯ-ГОГОЛIВ-БОРИСПIЛЬ/- ТАРАСIВКА- ЗАХАРIВКА- ЖЕРДОВА,Т-10-04 – Тарасівка – Захарівка – Жердова,5.9,Броварський район
1057806197,С100605,ЖЕРДОВА-ПОКРОВСЬКЕ,Жердова – Покровське,2.8,Броварський район
1057806196,С100606,/М-01/-РУДНЯ-ГОГОЛIВ-БОРИСПIЛЬ/- ПЕРШОТРАВНЕВЕ,Т-10-04 – Першотравневе,1.3,Броварський район
1057806195,С100607,ПIДЛIССЯ-/М-01/-РУДНЯ-ГОГОЛIВ- БОРИСПIЛЬ/,Підлісся – Т-10-04,3.6,Броварський район
1057806194,С100608,/КИЇВ-ЛIТОЧКИ-КIПТI/ - ПАРНЯ,Т-10-08 – Парня,1.2,Броварський район
1057806193,С100609,/КИЇВ-ЛIТОЧКИ-КIПТI/-СОБОЛIВКА,Т-10-08 – Соболівка,1.7,Броварський район
1057806171,С100610,/РОЖНИ-ВЕЛИКА ДИМЕРКА-ГОГОЛIВ/-/Н-07/ ЧЕРЕЗ ГОГОЛIВ,О100605 – Гоголів – Н-07,4.5,Броварський район
1057806170,С100611,ШЕВЧЕНКОВЕ - БЕРВИЦЯ,Шевченкове – Бервиця,10.4,Броварський район
1057806169,С100612,/ШЕВЧЕНКОВЕ - РУСАНIВ/ - КУЛАЖИНЦI,О100612 – Кулажинці,4.8,Броварський район
1057806168,С100613,РУДНЯ - ГАЙОВЕ,Рудня – Гайове,4.3,Броварський район
1057806167,С100614,КАЛИТА-ОПАНАСIВ,Калита – Опанасів,7.3,Броварський район
1057806166,С100615,/Н-07/-ПЕРШЕ ТРАВНЯ,Н-07 – Перше травня,5,Броварський район
1057806165,С100616,/КИЇВ - ЛІТОЧКИ - КІПТІ/ -РОЖНИ,Т-10-08 – Рожни,1.4,Броварський район
1057806164,С100617,КНЯЖИЧI-ТРЕБУХIВ,Княжичі – Требухів,2.1,Броварський район
1057806163,С100618,БОГДАНIВКА-ВЕЛИКА ДИМЕРКА,Богданівка – Велика Димерка,4,Броварський район
1057805240,С100701,/Р-19/ - ПОГРЕБИ,Р-19 – Погреби,5.8,Васильківський район
1057805239,С100702,/ФАСТІВ-МИТНИЦЯ-ОБУХІВ-РЖИЩІВ-КАНІВ/ - РУЛИКIВ,Р-19 – Руликів,4,Васильківський район
1057805238,С100703,МАЛА СОЛТАНIВКА - СКРИПКИ,Мала Солтанівка – Скрипки,1.9,Васильківський район
1057805237,С100704,/ВАСИЛЬКIВ-КНЯЖИЧІ-ЛУКА-ГОРЕНИЧІ-/М-06// - БОБРИЦЯ,О100720 – Бобриця,1.8,Васильківський район
1057805236,С100705,/КИЇВ-ОДЕСА/- МАРХАЛIВКА-ІВАНКОВИЧІ-КРУГЛИК,М-05 – Мархалівка – Іванковичі – Круглик,6.9,Васильківський район
1057805235,С100706,/ВАСИЛЬКIВ - ГЛЕВАХА/ - КРУШИНКА,Т-10-23 – Крушинка,3.6,Васильківський район
1057805234,С100707,/ВАСИЛЬКIВ - ГЛЕВАХА/ - ЗАЛIЗНЕ,Т-10-23 – Залізне,3.4,Васильківський район
1057805233,С100708,"ЗАЛІЗНЕ - МАЛА БУГАІВКА ЧЕРЕЗ ДЕРЕВ""ЯНКИ",Залізне – Дерев'янки – Мала Бугаївка,5,Васильківський район
1057805232,С100709,БЕЗП'ЯТНЕ - /Р-19/ ЧЕРЕЗ КУЛIБАБУ,Безп'ятне – Кулібаба – Р-19,8.2,Васильківський район
1057805210,С100710,/КИЇВ - ОДЕСА/ - ХЛЕПЧА,М-05 – Хлепча,3.6,Васильківський район
1057805209,С100711,/КИЇВ - ОДЕСА/ - СОКОЛIВКА,М-05 – Соколівка,1.9,Васильківський район
1057805208,С100712,/ВАСИЛЬКIВ - ГЛЕВАХА/ - КРЯЧКИ ЧЕРЕЗ БЕРЕЗАНЩИНУ,Т-10-23 – Березанщина – Крячки,1.4,Васильківський район
1057805207,С100713,/ФАСТІВ-БОРОВА-/М-05/ - ПОРАДІВКА,Р-19 – Порадівка,2.8,Васильківський район
1057805206,С100714,/БАРАХТИ-САЛИВІНКИ/- СТЕПАНIВКА,О100710 – Степанівка,4.6,Васильківський район
1057805205,С100715,/БАРАХТИ-САЛИВІНКИ/-ЧЕРВОНЕ,О100710 – Червоне,4.8,Васильківський район
1057805204,С100716,/КОЖУХIВКА - ДЗВIНКОВЕ/ - ПЛЕСЕЦЬКЕ,О100711 – Плесецьке,2.8,Васильківський район
1057805203,С100717,/ГЛЕВАХА-ПІДГІРЦІ/ - В.БУГАЇВКА,Т-10-06 – Велика Бугаївка,6,Васильківський район
1057805202,С100718,/ВАСИЛЬКIВ - ВЕЛИКА БУГАЇВКА/ - ЗАЛIЗНЕ,О100706 – Залізне,2.5,Васильківський район
1057805201,С100719,/ВАСИЛЬКIВ-КНЯЖИЧІ-ЛУКА-ГОРЕНИЧІ-/М-06/ - ЗДОРIВКА,О100720 – Здорівка,2.6,Васильківський район
1057805179,С100720,БОРИСІВ - ЗАЛІЗНЕ,Борисів – Залізне,1.6,Васильківський район
1057805178,С100721,ЗАСТУГНА - ЗОЗУЛІ ЧЕРЕЗ ЧЕРВОНЕ,Застугна – Червоне – Зозулі,2.5,Васильківський район
1057805177,С100722,/КИЇВ - ОДЕСА/ - КОДАКИ,М-05 – Кодаки,3.3,Васильківський район
1057805176,С100723,/ГЛЕВАХА - ПОДГIРЦI/ - ГВОЗДIВ,Т-10-06 – Гвоздів,1.8,Васильківський район
1057805175,С100724,/ГЛЕВАХА - ПIДГIРЦI/ - РОСЛАВИЧI,Т-10-06 – Рославичі,0.8,Васильківський район
1057805174,С100725,ГЛЕВАХА - НОВА ГЛЕВАХА,Глеваха – Нова Глеваха,3.4,Васильківський район
1057805173,С100726,/УЗИН-/М-05/ - СТЕПОВЕ,Т-10-09 – Степове,5.5,Васильківський район
1057805172,С100727,/КИЇВ-ОДЕСА/- АЕРОДРОМ СІЛЬГОСПАВІАЦІЇ,М-05 – аеродром сільгоспавіації,2.2,Васильківський район
1057805171,С100728,ШЕВЧЕНКIВКА-ЯЦЬКИ-МАКIЇВКА- /УЗИН-ВАСИЛIВ - ГЕРМАНІВКА-ТРИПІЛЛЯ/,Шевченківка – Яцькі – Макіївка – О100209,14,Білоцерківський район;Васильківський район
1057805170,С100729,МІСЦЕВИЙ ПРОЇЗД В с.КОВАЛІВКА НА а/д Р-04,місцевий проїзд в с.Ковалівка до а/д Р-04,1.5,Васильківський район
1057805148,С100730,КОДАКИ - ШЕВЧЕНКІВКА,Кодаки – Шевченківка,6.3,Васильківський район
1057805147,С100731,/ФАСТІВ-БОРОВА-/М-05/-СВЯТО-ІОАНІВСЬКИЙ МОНАСТИР,О102403 – Свято-Іоанівський монастир,0.9,Васильківський район
1057805146,С100732,ПІД'ЇЗД ДО с.РОСЛАВИЧІ,Під'їзд до с.Рославичі,2,Васильківський район
1057805145,С100733,/М-05/-ДІБРОВА,М-05 – Діброва,0.9,Васильківський район
1057804279,С100801,"/МАКАРIВ - ЛЮБИДВА ЧЕРЕЗ ПЛАХТЯНКУ,КАТЮЖАНКУ,ВАХІВКУ/ - ДУДКИ",О101402 – Дудки,2,Вишгородський район
1057804278,С100802,/ДИМЕР-ЛЮБИМІВКА-СИЧІВКА/ - РОЗТIСНЕ,О100806 – Розтісне,1.5,Вишгородський район
1057804277,С100803,/ДИМЕР-ЛЮБИМІВКА-СИЧІВКА/- АНДРIЇВКА,О100806 – Андріївка,9.4,Вишгородський район
1057804276,С100804,/ДИМЕР-ЛЮБИМІВКА-СИЧІВКА/ - ДМИТРІВКА ЧЕРЕЗ РОВИ,О100806 – Рови – Дмитрівка,12.4,Вишгородський район
1057804275,С100805,/ДИМЕР-ЛЮБИМІВКА-СИЧІВКА/- КРУГИ,О100806 – Круги,2.7,Вишгородський район
1057804274,С100806,ГАВРИЛIВКА -/ДЕМИДIВ - ГОСТОМЕЛЬ/,Гаврилівка – Т-10-02,4.8,Вишгородський район
1057804273,С100807,ЛІСОВИЧІ - ЛИТВИНIВКА,Лісовичі – Литвинівка,5.3,Вишгородський район
1057804272,С100808,МИКОЛАЇВКА - /ЛІСОВИЧІ-ЛИТВИНIВКА /,Миколаївка – С100807,1.2,Вишгородський район
1057804271,С100809,"/МАКАРIВ - ЛЮБИДВА ЧЕРЕЗ ПЛАХТЯНКУ,КАТЮЖАНКУ,ВАХІВКУ/ - ВОЛОДИМИРIВКА",О101402 – Володимирівка,2.5,Вишгородський район
1057804249,С100810,РОВИ - КРУГИ,Рови – Круги,3.7,Вишгородський район
1057804248,С100811,БОГДАНИ - РИХТА,Богдани – Рихта,11.8,Вишгородський район
1057804247,С100812,НОВI ПЕТРIВЦI - / Р-02 /,Нові Петрівці – Р-02,4.6,Вишгородський район
1057804246,С100813,/Р-02/- КОЗАРОВИЧI,Р-02 – Козаровичі,1.4,Вишгородський район
1057804245,С100814,ГУТА МЕЖИГIРСЬКА - /Р-02/,Гута Межигірська – Р-02,6.8,Вишгородський район
1057804244,С100815,/ДИМЕР - БОГДАНИ З ОБХОДОМ с.СУХОЛУЧЧЯ/- ДМИТРІВКА,О100803 – Дмитрівка,6.1,Вишгородський район
1057804243,С100816,/ДИМЕР - БОГДАНИ З ОБХОДОМ с.СУХОЛУЧЧЯ/- ТОЛОКУНЬ,О100803 – Толокунь,1.9,Вишгородський район
1057804242,С100817,/КИЇВ-ВИШГОРОД-ДЕСНА-ЧЕРНІГІВ/-НОВОСIЛКИ,Р-69 – Новосілки,3.8,Вишгородський район
1057804241,С100818,ГАВРИЛІВКА - ЛУБ'ЯНКА - / ГОСТОМЕЛЬ-БЕРЕСТЯНКА-МИРЧА-/М-07/,О101301 – М-07,9.3,Бородянський район;Вишгородський район
1057804240,С100819,/КИЇВ-ВИШГОРОД-ДЕСНА- ЧЕРНІГІВ/- ПІРНОВЕ,Р-69 – Пірнове,2.3,Вишгородський район
1057804218,С100820,/КИЇВ-ВИШГОРОД-ДЕСНА - ЧЕРНІГІВ/-ЛЕБЕДIВКА,Р-69 – Лебедівка,7.8,Вишгородський район
1057804217,С100821,/КИЇВ-ВИШГОРОД-ДЕСНА- ЧЕРНІГІВ/- ОСЕЩИНА,Р-69 – Осещина,2.9,Вишгородський район
1057804216,С100822,/КИЇВ-ВИШГОРОД-ДЕСНА-ЧЕРНІГІВ/- ЖУКИН - РОВЖІ,Р-69 – Жукин – Ровжі,13.5,Вишгородський район
1057804215,С100823,/КИЇВ-ВИШГОРОД-ДЕСНА - ЧЕРНІГІВ/- НИЖЧА ДУБЕЧНЯ,Р-69 – Нижча Дубечня,1.3,Вишгородський район
1057804214,С100824,/КИЇВ-ВИШГОРОД-ДЕСНА - ЧЕРНІГІВ/- СУВИД,Р-69 – Сувід,2.8,Вишгородський район
1057804213,С100825,/КИЇВ-ВИШГОРОД-ДЕСНА-ЧЕРНІГІВ/- ВИЩА ДУБЕЧНЯ,Р-69 – Вища Дубечня,1.6,Вишгородський район
1057804212,С100826,/КИЇВ-ВИШГОРОД-ДЕСНА-ЧЕРНІГІВ/- БЕРЕЗКИ,Р-69 – Березки,0.6,Вишгородський район
1057804211,С100827,ПІД'ЇЗД ДО АВТОДОРОГИ /КИЇВ-ВИШГОРОД-ДЕСНА-ЧЕРНІГІВ/-РОВЖІ,Під'їзд до а/д Р-69 – Ровжі,2.2,Вишгородський район
1057804210,С100828,ПІДЇЗД №1 ДО А/Д Р-02 КИЇВ-ІВАНКІВ-ОВРУЧ,Під'їзд №1 до а/д Р-02,1,Вишгородський район
1057804209,С100829,ПІДЇЗД №2 ДО А/Д Р-02 КИЇВ-ІВАНКІВ-ОВРУЧ,Під'їзд №2 до а/д Р-02,7,Вишгородський район
1057804187,С100830,ПІДЇЗД №3 ДО А/Д Р-02 КИЇВ-ІВАНКІВ-ОВРУЧ,Під'їзд №3 до а/д Р-02,2.4,Вишгородський район
1057803318,С100901,КОРЖИХА-КАПУСТИНЦI,Коржиха – Капустинці,3.8,Володарський район
1057803317,С100902,ШЕВЧЕНКОВЕ-БРIДОК,Шевченкове – Бридок,6.7,Володарський район
1057803316,С100903,МИХАЙЛIВКА-ЛОГВИН,Михайлівка – Логвин,5.3,Володарський район
1057803315,С100904,/Р-18 /- ЗАВАДІВКА - /Р-17/,Р-18 – Завадівка – Р-17,7.9,Володарський район
1057803314,С100905,ТАРГАН-/Р-17/,Тарган – Р-17,3.6,Володарський район
1057803313,С100906,/Р-17/- ГАЙОК,Р-17 – Гайок,0.9,Володарський район
1057803312,С100907,/СКВИРА-РУДЕ СЕЛО-/БІЛА ЦЕРКВА-ТЕТІЇВ-ЛИПОВЕЦЬ-ГУМЕННЕ/-ПОГРЕБИ,О102009 – Погреби,3.4,Володарський район
1057803311,С100908,/ЗАВАДIВКА-ЛОБАЧIВ/-НОВЕ ЖИТТЯ,О100906 – Нове Життя,5.5,Володарський район
1057803310,С100909,РОГІЗНА - РУДЕ СЕЛО,Рогізна – Руде Село,7.8,Володарський район
1057803288,С100910,ГОРОДИЩЕ ПУСТОВАРIВСЬКЕ-ГАЙВОРОН,Городище Пустоварівське – Гайворон,11,Володарський район
1057782176,С101001,/НОВИЙ БИКІВ-ЗГУРIВКА-ЯГОТИН/- ШЕВЧЕНКОВЕ - ВОЛОДИМИРIВСЬКЕ,Т-25-41 – Шевченкове – Володимирівське,5.4,Згурівський район
1057782175,С101002,/ЗГУРіВКА-БЕРЕЗАНЬ /М-03 /-СОФIЇВКА,О100107 – Софіївка,3.4,Згурівський район
1057782174,С101003,/Н-07/-ОЛЕКСIЇВКА,Н-07 – Олексіївка,4.5,Згурівський район
1057782173,С101004,ЛЕВЧЕНКОВЕ-/ЯГОТИН-ВIЛЬНЕ ЧЕРЕЗ МАЛУ БЕРЕЗАНКУ/,Левченкове – О102502,1.8,Згурівський район
1057782172,С101005,ТУРIВКА - ПОЛКОВНИЧЕ,Турівка – Полковниче,5,Згурівський район
1057782171,С101006,КРАСНЕ-ОЛЕКСАНДРИНIВКА,Красне – Олександрівка,6.8,Згурівський район
1057782169,С101008,НОВА ОРЖИЦЯ - ВИШНЕВЕ - ВОЗНЕСЕНСЬКЕ,Нова Оржиця – Вишневе – Вознесенське,8.1,Згурівський район
1057782168,С101009,НОВА ОРЖИЦЯ-ЗЕЛЕНЕ,Нова Оржиця – Зелене,4.7,Згурівський район
1057782146,С101010,"IЛ""IНСЬКЕ - УРСАЛIВКА ЧЕРЕЗ ТУРIВКУ",Іллінське – Турівка – Урсалівка,4.6,Згурівський район
1057782145,С101011,/ЯГОТИН - ВIЛЬНЕ ЧЕРЕЗ МАЛУ БЕРЕЗАНКУ/ - ЖУКIВКА,О102502 – Жуківка,2,Згурівський район
1057782144,С101012,АРКАДIЇВКА - ТЕРЛЕЩИНА,Аркадіївка – Терлещина,5.7,Згурівський район
1057781215,С101101,БЛIДЧА - ЛЕОНІВКА,Блідча – Леонівка,9,Іванківський район
1057781214,С101102,ДИМАРКА - ШЕВЧЕНКОВО,Димарка – Шевченково,5.6,Іванківський район
1057781213,С101103,РАХВАЛIВКА - КРАПИВНЯ,Рахвалівка – Кропивня,11.1,Іванківський район
1057781212,С101104,ДОМАНIВКА - КАРПИЛIВКА,Доманівка – Карпилівка,7.6,Іванківський район
1057781211,С101105,/КИЇВ-ІВАНКІВ-ОВРУЧ/ - КОБЛИЦЯ ЧЕРЕЗ ЛЕОНIВКУ,Р-02 – Леонівка – Коблиця,17.9,Іванківський район
1057781210,С101106,ВОРОПАЇВКА - /КИЇВ - ІВАНКІВ-ОВРУЧ/,Воропаївка – Р-02,10.9,Іванківський район
1057781209,С101107,ЛЮДВИНІВКА - /ТЕРМАХІВКА-ВАРІВСЬК /НА МАЛИН/,Людвинівка – О101113,2.1,Іванківський район
1057781208,С101108,ОБУХОВИЧI - СТАВРІВКА,Обуховичі – Ставрівка,8.1,Іванківський район
1057781207,С101109,НОВI МАКАЛЕВИЧI - МАЛА МАКАРІВКА,Нові Макалевичі – Мала Макарівка,6.9,Іванківський район
1057781185,С101110,/ІВАНКІВ-ПІСКІВКА /НА РАДОМИШЛЬ/-ЗАРУДДЯ ЧЕРЕЗ КАЛИНОВЕ,О101110 – Калинове – Заруддя,8.1,Іванківський район
1057781184,С101111,РУСАКИ - СУКАЧІ ЧЕPЕЗ МАКАРIВКУ,Русаки – Макарівка – Сукачі,16.8,Іванківський район
1057781183,С101112,ГУБИН - ЛАПУТЬКИ,Губин – Лапутьки,10.1,Іванківський район
1057781182,С101113,/ІВАНКІВ-СУКАЧІ/ - БОЛОТНЯ,О101105 – Болотня,1.5,Іванківський район
1057781181,С101114,/РОЗВАЖIВ - КУХАРІ/ - ЗАРУДДЯ,О101102 – Заруддя,3.5,Іванківський район
1057781180,С101115,СТАРІ СОКОЛИ -ПОТОКИ,Старі Соколи – Потоки,2.3,Іванківський район
1057781179,С101116,/ТЕРМАХІВКА-СТАРІ СОКОЛИ/ - КРАСИЛIВКА,О101107 – Красилівка,2.2,Іванківський район
1057781178,С101117,/ТЕРМАХІВКА-ВАРІВСЬК /НА МАЛИН /-ЧКАЛІВКА,О101113 – Чкалівка,2.7,Іванківський район
1057781177,С101118,/ТЕРМАХІВКА-ВАРІВСЬК /НА МАЛИН/-МУСIЙКИ-2,О101113 – Мусійки-2,1,Іванківський район
1057781176,С101119,/ІВАНКІВ-ПІСКІВКА/ НА РАДОМИШЛЬ/-СЛОБОДА КУХАРСЬКА,О101415 – Слобода Кухарська,2,Іванківський район
1057781154,С101120,/IВАНКIВ-ПІСКІВКА/ НА РАДОМИШЛЬ/-ОСОВЕЦЬ,О101415 – Осовець,1.2,Іванківський район
1057781153,С101121,РОЗВАЖIВ-ШЕВЧЕНКОВО,Розважів – Шевченково,4.5,Іванківський район
1057781152,С101122,/ОРАНЕ - СТРАХОЛІССЯ/ - МЕДВИН,О101108 – Медвин,1.1,Іванківський район
1057781151,С101123,/ОРАНЕ - СТРАХОЛІССЯ/ - ФРУЗИНIВКА,О101108 – Фрузинівка,1.3,Іванківський район
1057781150,С101124,СОСНІВКА -СОСНIВКА-2,Соснівка – Соснівка-2,4.2,Іванківський район
1057781149,С101125,/РАФАЛІВКА-КРАПИВНЯ/ - ВАРІВСЬК,С101103 – Варівськ,1.2,Іванківський район
1057781148,С101126,/ВЕРХОЛІССЯ-ОЛИВА/- МОКРА КОРМА,О101114 – Мокра Корма,1.5,Іванківський район
1057781147,С101127,"/ПІД*ЇЗД ДО ЧОРНОБИЛЬСЬКОЇ АЕС /КПП ""ДИТЯТКИ""/ -ПРИБІРСЬК",Р-02-02 – Прибірськ,1.2,Іванківський район
1057781146,С101128,/ТЕРМАХІВКА-СТАРІ СОКОЛИ/ - МАКАРІВКА ЧЕРЕЗ МУСIЙКИ,О101107 – Мусійки – Макарівка,8.8,Іванківський район
1057781145,С101129,/КИЇВ-ІВАНКІВ-ОВРУЧ/-ФЕДОРIВКА,Р-02 – Федорівка,6.1,Іванківський район
1057781123,С101130,СИДОРОВИЧІ-/ТЕРМАХІВКА-ВАРІВСЬК /НА МАЛИН/ ЧЕРЕЗ ПОЛIДАРIВКУ,Сидоровичі – Полідарівка – О101113,8.3,Іванківський район
1057780254,С101201,РЖИЩIВ - ЗОРIВКА,Ржищів – Зорівка,12.2,Кагарлицький район
1057780253,С101202,/КАГАРЛИК - СУЩАНИ/- ТАРАСIВКА,О101203 – Тарасівка,1.5,Кагарлицький район
1057780252,С101203,РАСАВКА - ЗIКРАЧI,Расавка – Зікрачі,6.6,Кагарлицький район
1057780251,С101204,ЮШКИ - /ФАСТІВ-МИТНИЦЯ-ОБУХІВ-РЖИЩІВ-КАНІВ/,Юшки – Р-19,4.1,Кагарлицький район
1057780250,С101205,/Н-02/ - /РЖИЩIВ - ПIЇ ЧЕРЕЗ УЛЯНИКИ/,Н-02 – О101206,1.4,Кагарлицький район
1057780249,С101206,/КИЇВ-ЗНАМ'ЯНКА/- НОВОСIЛКИ,Н-01 – Новосілки,1.8,Кагарлицький район
1057780248,С101207,/МИРIВКА-ШПЕНДIВКА/ - БЕНДЮГIВКА,О101218 – Бендюгівка,1.8,Кагарлицький район
1057780247,С101208,/КАГАРЛИК - СТАЙКИ/ - ВОРОНIВКА,О101201 – Воронівка,6.9,Кагарлицький район
1057780246,С101209,/Н-02/ - ПIВЦI,Н-02 – Півці,1.2,Кагарлицький район
1057780224,С101210,ОНАЦЬКИ-/Н-02/,Онацькі – Н-02,2,Кагарлицький район
1057780223,С101211,/РЖИЩIВ - ЗОРIВКА/- ОНАЦЬКИ,С101201 – Онацькі,1.1,Кагарлицький район
1057780222,С101212,ВЕЛИКI ПРИЦЬКИ - ВИСЕЛКА,Великі Прицькі – Виселка,6.1,Кагарлицький район
1057780221,С101213,/Н-02/- /ВЕЛИКІ ПРИЦЬКИ/-ДIБРОВКА,О101205 – Дібровка,1,Кагарлицький район
1057780220,С101214,РАСАВКА-ЛIЩИНКА,Расавка – Ліщинка,9.1,Кагарлицький район
1057780219,С101215,/Н-02/- БУРТИ,Н-02 – Бурти,5.6,Кагарлицький район
1057780218,С101216,ПАНIКАРЧА-КУЗЬМИНЦІ,Панікарча – Кузьминці,1.6,Кагарлицький район
1057780217,С101217,/Н-02/- ЗОРIВКА,Н-02 – Зорівка,6,Кагарлицький район
1057780216,С101218,КУЗЬМИНЦI-/Н-02/,Кузьминці – Н-02,1.6,Кагарлицький район
1057780215,С101219,ГОРОХІВСЬКЕ-/КИЇВ-ЗНАМ'ЯНКА/ ЧЕРЕЗ ГОРОХОВЕ,Горохівське – Горохове – Н-01,5.3,Кагарлицький район
1057780193,С101220,ГОРОХОВЕ-ГОРОХОВАТКА,Горохове – Гороховатка,3.8,Кагарлицький район
1057780192,С101221,ВИСЕЛКОВЕ-СЛОБОДА,Виселкове – Слобода,3.6,Кагарлицький район
1057780191,С101222,/КАГАРЛИК - СТАЙКИ/- СТРIТIВКА,О101201 – Стрітівка,1.6,Кагарлицький район
1057780190,С101223,ПЕРЕСЕЛЕННЯ-/КАГАРЛИК-СУЩАНИ/,Переселення – О101203,1.8,Кагарлицький район
1057780189,С101224,КАДОМКА-БУРТИ,Кадомка – Бурти,3.7,Кагарлицький район
1057780188,С101225,ПІД'ЇЗД ДО с. ХАЛЧА ВІД АВТОДОРОГИ /КАГАРЛИК-СТАЙКИ/-ВОРОНІВКА,С101208 – Халча,1,Кагарлицький район
1057779293,С101301,КРУГЛИК - КРЕМЕНИЩЕ- ХОДОСІЇВКА,Круглик – Кременіще – Ходосіївка,5.5,Києво-Святошинський район
1057779292,С101302,ЛИЧАНКА-ГОРБОВИЧI,Личанка – Горбовичі,5.4,Києво-Святошинський район
1057779291,С101303,ІРПІНЬ-РОМАНІВКА,Ірпінь – Романівка,0.7,Києво-Святошинський район
1057779290,С101304,ШПИТЬКИ-ПЕТРУШКИ,Шпитьки – Петрушки,3.6,Києво-Святошинський район
1057779289,С101305,НОВОСIЛКИ-ЧАБАНИ,Новосілки – Чабани,5.1,Києво-Святошинський район
1057779288,С101306,МРIЯ-МУЗИЧI,Мрія – Музичі,13.4,Києво-Святошинський район
1057779287,С101307,БУЗОВА - НЕГРАШІ,Бузова – Неграші,7.2,Києво-Святошинський район
1057779286,С101308,ПІД'ЇЗД ДО с. ХОТІВ,Під'їзд до с. Хотів,2,Києво-Святошинський район
1057779285,С101309,/КИЇВ-ФАСТІВ-БІЛА ЦЕРКВА-ТАРАЩА-ЗВЕНИГОРОДКА - СВЯТОПЕТРІВСЬКЕ,Р-04 – Святопетрівське,2.6,Києво-Святошинський район
1057779263,С101310,/ВАСИЛЬКІВ-КНЯЖИЧІ-ЛУКА-ГОРЕНИЧІ-/М-06/-ЖОРНIВКА,О100720 – Жорнівка,1,Києво-Святошинський район
1057779262,С101311,/КНЯЖИЧІ-ВIТА ПОШТОВА/-ЗАБIР'Я,О101318 – Забір'я,0.8,Києво-Святошинський район
1057779261,С101312,/КИЇВ - ФАСТІВ-БІЛА ЦЕРКВА-ТАРАЩА-ЗВЕНИГОРОДКА/ - ДАЛЬНИЙ ЯР,Р-04 – Дальний Яр,1.2,Києво-Святошинський район
1057779260,С101313,/ВОРЗЕЛЬ-ЗАБУЧЧЯ-/КИЇВ-ЧОП/-КРАСНЕ,Т-10-01 – Красне,5.8,Києво-Святошинський район
1057779259,С101314,МІСЦЕВІ ПРОЇЗДИ ПО с.МАЛЮТЯНКА до а/д БОЯРКА-МАЛЮТЯНКА-ІВАНКІВ-ГЛЕВАХА,Місцеві проїзди по с.Малютянка до а/д О101314,2.3,Києво-Святошинський район
1057779258,С101315,/КИЇВ-ЧОП/-ГУРIВЩИНА,М-06 – Гурівщина,2.9,Києво-Святошинський район
1057779257,С101316,/КИЇВ-КОВЕЛЬ-ЯГОДИН/-МОЩУН,М-07 – Мощун,6.7,Києво-Святошинський район
1057779256,С101317,КИЇВСЬКЕ ПIВКIЛЬЦЕ-КОЦЮБИНСЬКЕ,Київське півкільце – Коцюбинське,1.6,Києво-Святошинський район
1057779255,С101318,/КИЇВ-ЧОП/-ДМИТРIВКА,М-06 – Дмитрівка,4.2,Києво-Святошинський район
1057779254,С101319,/КИЇВ-ОДЕСА/-ВIТА ПОШТОВА,М-05 – Віта Поштова,3.8,Києво-Святошинський район
1057779232,С101320,/КИЇВ-ЧОП/-СТОЯНКА,М-06 – Стоянка,5,Києво-Святошинський район
1057779231,С101321,/КИЇВ-ЧОП/-ЛIСНЕ,М-06 – Лісне,3.7,Києво-Святошинський район
1057779230,С101322,/БІЛОГОРОДКА-БОБРИЦЯ-ЖОРНІВКА/- КОВБАСИН,Білогородка – Бобриця – Жорнівка – Ковбасин,2.2,Києво-Святошинський район
1057779229,С101323,БIЛОГОРОДКА- БОБРИЦЯ-ЖОРНІВКА,Білогородка – Бобриця – Жорнівка,10,Києво-Святошинський район
1057779228,С101324,ЗАБІР'Я - БОЯРКА,Забір'я – Боярка,2.5,Києво-Святошинський район
1057779227,С101325,ПІД'ЇЗД ДО с.ГОРЕНИЧІ,Під'їзд до с.Гореничі,0.6,Києво-Святошинський район
1057778332,С101401,СОБОЛIВКА - ЗАБУЯННЯ,Соболівка – Забуяння,9.2,Макарівське район
1057778331,С101402,НОВОМИРIВКА - КОРОЛІВКА,Новомирівка – Королівка,5.8,Макарівське район
1057778330,С101403,САДКИ-СТРОЇВКА,Садки – Строївка,3.7,Макарівське район
1057778329,С101404,БОРIВКА-ШНУРIВ ЛIС З ПІД'ЇЗДОМ ДО с.ЛИСИЦЯ,Борівка – Шнурів ліс з під'їздом до с.Лисиця,11.3,Макарівське район
1057778328,С101405,ФАСОВА - /БИШІВ-ВЕЛИКИЙ КАРАШИН/ З ПІД'ЇЗДОМ ДО с.ГРУЗЬКЕ,Фасова – О101407 з під'їздом до с.Грузьке,11.6,Макарівське район
1057778327,С101406,КОНОПЕЛЬКИ - СОСНІВКА,Конопельки – Соснівка,3.1,Макарівське район
1057778326,С101407,ЛИПІВКА - БЕРЕЗІВКА,Липівка – Березівка,14.1,Макарівське район
1057778325,С101408,МАР'ЯНIВКА - КОЛОНЩИНА,Мар'янівка – Колонщина,3.6,Макарівське район
1057778324,С101409,ОСИКОВЕ - МОСТИЩЕ,Осикове – Мостище,5.3,Макарівське район
1057778302,С101410,/КИЇВ-ЧОП/- МОТИЖИН,М-06 – Мотижин,4.7,Макарівське район
1057778301,С101411,КОРОЛІВКА - ФЕРМА,Королівка – Ферма,3.2,Макарівське район
1057778300,С101412,АНДРІЇВКА - ЧЕРВОНА ГIРКА,Андріївка – Червона Гірка,5,Макарівське район
1057778299,С101413,ЛИПІВКА - ЛОЗОВИК,Липівка – Лозовик,3.2,Макарівське район
1057778298,С101414,ПОЧЕПИН - НАЛИВАЙКІВКА,Почепин – Наливайківка,3.7,Макарівське район
1057778297,С101415,/МАКАРIВ-РОЖIВ/-ЗУРIВКА,О101401 – Зурівка,1.3,Макарівське район
1057778296,С101416,/КИЇВ-ЧОП/ - СЕВЕРИНІВКА,М-06 – Северинівка,1.1,Макарівське район
1057778295,С101417,ФАСОВА - ЛЮДВИНIВКА,Фасова – Людвинівка,2.3,Макарівське район
1057778294,С101418,/БИШIВ-ВЕЛИКИЙ КАРАШИН/-ВЕСЕЛА СЛОБIДКА,О101407 – Весела Слобідка,1.1,Макарівське район
1057778293,С101419,ЯБЛУНIВКА - ПЕРЕВIЗ,Яблунівка – Перевіз,1.6,Макарівське район
1057778271,С101420,ПІД'ЇЗД ДО с.МОТИЖИН ВІД АВТОДОРОГИ /КОПИЛІВ-ЯСНОГОРОДКА/,О101414 – Мотижин,0.9,Макарівське район
1057778270,С101421,/КИЇВ-ЧОП/-ЮРІВ-СИТНЯКИ,М-06 – Юрів – Ситняки,2.6,Макарівське район
1057777371,С101501,ВЛАДИСЛАВКА-ВАХУТИНЦI,Владиславка – Вахутинці,4.1,Миронівський район
1057777370,С101502,КУТЕЛIВ -/Р-09/,Кутелів – Р-09,4.8,Миронівський район
1057777369,С101503,МИРОНIВКА -/Р-09 / ЧЕРЕЗ САЛIВ,Миронівка – Салів – Р-09,5.8,Миронівський район
1057777368,С101504,САЛІВ-КОЗИН,Салів – Козин,4.2,Миронівський район
1057777367,С101505,КУЛЕШIВ -/ПІВЦІ-ЗЕЛЕНЬКИ/,Кулешів – О101202,2.3,Миронівський район
1057777366,С101506,/ПІВЦІ-ЗЕЛЕНЬКИ/-ШАНДРА,О101202 – Шандра,3.8,Миронівський район
1057777365,С101507,ПІЇ-ЛИПОВИЙ РІГ,Пії – Липовий Ріг,2.1,Миронівський район
1057777364,С101508,/Р-09/- РОСАВА,Р-09 – Росава,2.1,Миронівський район
1057777363,С101509,/КАРАПИШI-ВЛАДИСЛАВКА/ -/Т-10-22/ ЧЕРЕЗ ЮХНИ,О101503 – Юхни – Т-10-22,7.2,Богуславський район;Миронівський район
1057777341,С101510,"КОРИТИЩЕ-/ПІВЦІ-ЗЕЛЕНЬКИ/ ЧЕPЕЗ СВIТЛЕ,ПОЛЬОВЕ",Коритище – Світле – Польове – О101202,6.4,Миронівський район
1057777340,С101511,/Н-01/ - с.МИКИТЯНИ,Н-01 – Микитяни,2.7,Миронівський район
1057777339,С101512,/МИРОНІВКА-НОВА МИРОНIВКА/-НОВА ОЛЕКСАНДРIВКА,О101501 – Нова Олександрівка,3.2,Миронівський район
1057777338,С101513,АНДРIЇВКА - /МИРОНІВКА-НОВА МИРОНIВКА/,Андріївка – О101501,3,Миронівський район
1057777336,С101515,РОМАШКИ-/ВЕЛИКИЙ БУКРИН-МАСЛIВКА/,Ромашки – О101509,2.5,Миронівський район
1057777335,С101516,ДУДАРI-/ВЕЛИКИЙ БУКРИН-МАСЛIВКА/,Дударі – О101509,1.1,Миронівський район
1057777334,С101517,/КИЇВ-ЗНАМ*ЯНКА/-КХП,Київ – Знам'янка – Комбінат Хлібопродуктів,0.5,Миронівський район
1057777333,С101518,ВЕЛИКИЙ БУКРИН-ТРАХТЕМИРІВ,Великий Букрин – Трахтемірів,1.8,Миронівський район
1057777332,С101519,/ПІВЦІ-ЗЕЛЕНЬКИ/-МАЛI ПРИЦЬКИ,О101202 – Малі Прицьки,1.9,Миронівський район
1057776410,С101601,КРАСНА СЛОБІДКА-СТЕПОК,Красна Слобідка – Степок,7,Обухівський район
1057776409,С101602,/ФАСТІВ-МИТНИЦЯ-ОБУХІВ-РЖИЩІВ-КАНІВ/-ЗАСТУГНА ЧЕPЕЗ КОПАЧIВ,Р-19 – Копачів – Застугна,8.3,Обухівський район
1057776408,С101603,//ФАСТІВ-МИТНИЦЯ-ОБУХІВ-РЖИЩІВ-КАНІВ/-ЗАСТУГНА/ - ШЕВЧЕНКОВЕ,С101602 – Шевченкове,0.8,Обухівський район
1057776407,С101604,/ОБУХIВ-ЛIСНИКИ/-КРЕНИЧI,О101603 – Креничі,0.8,Обухівський район
1057776406,С101605,/ОБУХIВ-ЛIСНИКИ/-ПIДГIРЦI,О101603 – Підгірці,2,Обухівський район
1057776405,С101606,/Н-01/ - СТАРІ БЕЗРАДИЧІ/-НОВІ БЕЗРАДИЧІ,С101607 – Нові Безрадичі,1.7,Обухівський район
1057776404,С101607,/Н-01/- СТАРІ БЕЗРАДИЧІ,Н-01 – Старі Безрадичі,3.7,Обухівський район
1057776403,С101608,/ОБУХIВ-ЛIСНИКИ/-ТАРАСIВКА,О101603 – Тарасівка,0.8,Обухівський район
1057776402,С101609,/ОБУХIВ-ЛIСНИКИ /-НЕЩЕРIВ,О101603 – Нещерів,1,Обухівський район
1057776380,С101610,/ОБУХIВ-ЛIСНИКИ/-БЕРЕЗОВЕ,О101603 – Березове,1.8,Обухівський район
1057776379,С101611,СТАРІ БЕЗРАДИЧІ-КОНЮША,Старі Безрадичі – Конюша,3.7,Обухівський район
1057776378,С101612,"ОБУХІВ-/МАЛА ВIЛЬШАНКА-СУШАНИ/- ЧЕРЕЗ ЛЕНДИ,СТЕПОК",Обухів – Ленди – Степок – О101606,8.1,Обухівський район
1057776377,С101613,/Н-01/-ПЕРШЕ ТРАВНЯ,Н-01 – Перше Травня,8,Обухівський район
1057776376,С101614,/Н-01/-РОМАНКIВ,Н-01 – Романків,1.2,Обухівський район
1057776375,С101615,/Р-01/- КОЗИН,Р-01 – Козин,3.1,Обухівський район
1057776374,С101616,/Р-01/ - РУДИКИ,Р-01 – Рудики,1.5,Обухівський район
1057776373,С101617,/Р-01-УКРАЇНКА/-ПЛЮТИ,Р-01 – Українка – Плюти,2.3,Обухівський район
1057776372,С101618,/Н-01/-МАКАРIВКА,Н-01 – Макарівка,1.5,Обухівський район
1057776371,С101619,"/Н-01/-/УЗИН-ВАСИЛІВ-ГЕРМАНІВКА-ТРИПIЛЛЯ/-ЧЕРЕЗ КРАСНЕ,ДОЛИНУ",Н-01 – Красне – Долина – О100209,7.6,Обухівський район
1057776349,С101620,/ФАСТІВ-МИТНИЦЯ-ОБУХІВ-РЖИЩІВ-КАНІВ/-ПЕРШЕ ТРАВНЯ,Р-19 – Перше Травня,1.3,Обухівський район
1057776348,С101621,/ФАСТІВ-МИТНИЦЯ-ОБУХІВ-РЖИЩІВ-КАНІВ/-ВИТАЧIВ,Р-19 – Витачів,1.9,Обухівський район
1057776347,С101622,/УЗИН-ВАСИЛІВ-ГЕРМАНІВКА-ТРИПIЛЛЯ/-ЛЮДВИНIВКА ЧЕPЕЗ КУЛI,О100209 – Кулі – Людвинівка,5.6,Обухівський район
1057776346,С101623,/УЗИН-ВАСИЛІВ-ГЕРМАНІВКА-ТРИПIЛЛЯ/-КРАСНА СЛОБIДКА,О100209 – Кулі – Людвинівка,2.9,Обухівський район
1057776345,С101624,/УЗИН-ВАСИЛІВ-ГЕРМАНІВКА-ТРИПIЛЛЯ/-БЕЗIМЕННЕ,О100209 – Безіменне,5.8,Обухівський район
1057776344,С101625,КОЗИН-УКРАЇНКА,Козин – Українка,16.1,Обухівський район
1057776343,С101626,"ПІД'ЇЗД ДО ІСТОРИЧНОГО ПАМ'ЯТНИКА ""КОЗАЧИЙ ХРЕСТ""","Під'їзд до історичного пам'ятника ""Козацький Хрест""",1.5,Обухівський район
1057776342,С101627,ПІД'ЇЗД ДО с. СТАРА УКРАЇНКА,Під'їзд до с. Стара Українка,1.3,Обухівський район
1057776341,С101628,/Р-01/-КОЗИН 2,Р-01 – Козин-2,2,Обухівський район
1057776340,С101629,КРАСНА СЛОБІДКА-ГЕРМАНІВКА,Красна Слобідка – Германівка,3.1,Обухівський район
1057776318,С101630,СЕМЕНІВКА-ДЕРЕМЕЗНА,Семенівка – Деремезна,4.6,Обухівський район
1057776317,С101631,/Р-01/-СПЕЦОБ'ЄКТ,Р-01 – Спецоб'єкт,1.4,Обухівський район
1057776316,С101632,ПІД'ЇЗД ДО с.КОЗИН,Під'їзд до с. Козин,0.6,Обухівський район
1057775449,С101701,ВОСКРЕСЕНСЬКЕ-ТРАВНЕВЕ,Воскресенське – Травневе,4,Переяслав-Хмельницький район
1057775448,С101702,/М-03/ - СОСНОВА-ТАШАНЬ /НА ГЕЛЬМЯЗIВ/- ЧОПIЛКИ,О101701 – Чопілки,5.1,Переяслав-Хмельницький район
1057775447,С101703,ГАЙШИН-ЧИРСЬКЕ,Гайшин – Чирське,2.7,Переяслав-Хмельницький район
1057775446,С101704,/МАЛА КАРАТУЛЬ- ПОЛОГИ- ЯНЕНКИ/- ЛЕЦЬКИ-2,О101709 – Лецьки-2,0.7,Переяслав-Хмельницький район
1057775445,С101705,/МАЛА КАРАТУЛЬ - ПОЛОГИ-ЯНЕНКИ/ - ВIНИНЦI,О101709 – Вінинці,1.2,Переяслав-Хмельницький район
1057775444,С101706,ПОЛОГИ-ЯНЕНКИ-/Н-08/,Пологи – Яненки – Н-08,7,Переяслав-Хмельницький район
1057775443,С101707,ПОЛОЖАЇ-/М-03-/-СОСНОВА-ТАШАНЬ/ НА ГЕЛЬМЯЗIВ/,Положаї – О101701,3.1,Переяслав-Хмельницький район
1057775442,С101708,/ПРИСТРОМИ-ГРЕБЛЯ/ -ДОВГА ГРЕБЛЯ,О101702 – Довга Гребля,1.7,Переяслав-Хмельницький район
1057775441,С101709,УЛЯНIВКА-ТАРАСIВКА,Улянівка – Тарасівка,5.9,Переяслав-Хмельницький район
1057775419,С101710,ВЕЛИКА КАРАТУЛЬ-ВОСКРЕСIНСЬКЕ,Велика Каратуль – Воскресінське,4.7,Переяслав-Хмельницький район
1057775418,С101711,/П.ХМЕЛЬНИЦЬКИЙ-/М-03//-ПОМОКЛІ/-ПЛЕСКАЧI-МАР'ЯНIВКА,О101704 – Плескачі – Мар'янівка,3.2,Переяслав-Хмельницький район
1057775417,С101712,/Н-08-/ ДIВИЧКИ-КОВАЛИН,Н-08 – Дивички – Ковалин,8.4,Переяслав-Хмельницький район
1057775416,С101713,/Н-08/- ГРЕЧАНИКИ,Н-08 – Гречаники,1.6,Переяслав-Хмельницький район
1057775415,С101714,/Н-08/ - СТОВП'ЯГИ,Н-08 – Стовп'яги,3.2,Переяслав-Хмельницький район
1057775414,С101715,/Н-08 /- ЦИБЛI,Н-08 – Циблі,0.7,Переяслав-Хмельницький район
1057775413,С101716,/Н-08/-СВIТАНОК,Н-08 – Світанок,1.6,Переяслав-Хмельницький район
1057775412,С101717,/Н-08/ - ЄРКIВЦI-КОВАЛИН,Н-08 – Єрківці – Ковалин,8.3,Переяслав-Хмельницький район
1057775411,С101718,/ПЕРЕЯСЛАВ-ХМЕЛЬНИЦЬКИЙ - ДОБРАНИЧIВКА/ - ТРАВНЕВЕ- СТРОКОВА,О101713 – Травневе – Строкова,7.3,Переяслав-Хмельницький район
1057775410,С101719,/М-03/ - КОЗЛIВ,М-03 – Козлів,2.7,Переяслав-Хмельницький район
1057775388,С101720,/М-03/- СТУДЕНИКИ,М-03 – Студеники,1.3,Переяслав-Хмельницький район
1057775387,С101721,/М-03/ - СОМКОВА ДОЛИНА,М-03 – Сомкова Долина,3.6,Переяслав-Хмельницький район
1057775386,С101722,МАЛА КАРАТУЛЬ - ВIНИНЦI,Мала Каратуль – Вінинці,3,Переяслав-Хмельницький район
1057775385,С101723,/МАЛА КАРАТУЛЬ - ПОЛОГИ-ЯНЕНКИ/ - ЛЕЦЬКИ,О101709 – Лецьки,1.2,Переяслав-Хмельницький район
1057775384,С101724,/Н-08/-ДІВИЧКИ-КОВАЛИН/ - ДІВИЧКИ-1,С101712 – Дивички-1,3.7,Переяслав-Хмельницький район
1057775383,С101725,/БАРИШIВКА- /М-03/-ПЕРЕЯСЛАВ- ХМЕЛЬНИЦЬКИЙ/ - ЄРКІВЦІ ЧЕРЕЗ МАЗИНКИ,Т-10-25 – Мазинки – Єрківці,18.4,Переяслав-Хмельницький район
1057775382,С101726,ДЕМ'ЯНЦI-/-БАРИШIВКА-/М-03/-ПЕРЕЯСЛАВ - ХМЕЛЬНИЦЬКИЙ/,Дем'янці – Баришівка – Т-10-25,8.4,Переяслав-Хмельницький район
1057775381,С101727,/Н-08 /- БІЛОЗІРСЬКЕ ЛІСНИЦТВО,Н-08 – Білозірське Лісництво,6.3,Переяслав-Хмельницький район
1057775380,С101728,ЄРКІВЦІ-ДІВИЧКИ-ДІВИЧКИ-1,Єрківці – Дивички – Дивички-1,1.1,Переяслав-Хмельницький район
1057775379,С101729,/Н-08 /- ГОСПІТАЛЬ,Н-08 – Госпіталь,1.4,Переяслав-Хмельницький район
1057775357,С101730,ЄРКIВЦI-ДIВИЧКИ,Єрківці – Дивички,2.9,Переяслав-Хмельницький район
1057775356,С101731,"/Н-08/-ДИТЯЧИЙ ОЗДОРОВЧИЙ ЗАКЛАД ""СЛАВУТИЧ""","Н-08 – дитячий оздоровчий заклад ""Славутич""",3.2,Переяслав-Хмельницький район
1057774488,С101801,БУДА-ВОВЧКIВСЬКА-ДУБОВА,Буда Вовчківська – Дубова,3.7,Поліський район
1057774487,С101802,НIВЕЦЬКЕ - РОМАНІВКА,Нівецьке – Романівка,12,Поліський район
1057774486,С101803,МАР'ЯНIВКА - МАРТИНОВИЧІ,Мар'янівка – Мартиновичі,12.4,Поліський район
1057774485,С101804,НОВА МАРКIВКА - ЗАВОДНЕ,Нова Марківка – Заводне,5.7,Поліський район
1057774484,С101805,/БУДА ВОВЧКIВСЬКА-ДУБОВА/- /КИЇВ-ІВАНКІВ-ОВРУЧ/ ЧЕРЕЗ ДУБОВУ-2,С101801 – Дубова-2 – Р-02,5.1,Поліський район
1057774483,С101806,ПУХОВЕ - СТОВПНЕ,Пухове – Стовпне,7.2,Поліський район
1057774482,С101807,ПУХОВЕ - ВІЙСЬКОВЕ,Пухове – Військове,8.2,Поліський район
1057774481,С101808,/КОРОЛІВКА-ПИРОГОВИЧІ/ - ДУБОВА - ЛЕВКОВИЧІ,О101801 – Дубова – Левковичі,11.9,Поліський район
1057774480,С101809,/КИЇВ - ІВАНКІВ-ОВРУЧ/ -ЗІРКА,Р-02 – Зірка,0.9,Поліський район
1057774458,С101810,/КИЇВ - ІВАНКІВ-ОВРУЧ/ - ЛУГОВИКИ,Р-02 – Луговики,1.2,Поліський район
1057774457,С101811,/ПОЛIСЬКЕ - СТЕЩИНА/- ФЕДОРIВКА,О101804 – Федорівка,3.9,Поліський район
1057774456,С101812,/КИЇВ - ІВАНКІВ-ОВРУЧ/ - ЛІСОВЕ,Р-02 – Лісове,2.8,Поліський район
1057774455,С101813,/КИЇВ - ІВАНКІВ-ОВРУЧ/ - РАГIВКА,Р-02 – Рагівка,5,Поліський район
1057774454,С101814,/ПОЛIСЬКЕ - СТЕЩИНА/- ОМЕЛЯНIВКА,Поліське – Стещина – Омелянівка,3.6,Поліський район
1057774453,С101815,НОВА МАРКIВКА - ШКНЕВА,Нова Марківка – Шкнева,2.2,Поліський район
1057774452,С101816,/НОВА МАРКІВКА - ЗАВОДНЕ/ - ШКНЕВА,Нова Марківка – Заводне – Шкнева,2,Поліський район
1057774451,С101817,ВОВЧКІВ - ВЕРЕСНЯ,Вовчків – Вересня,4.8,Поліський район
1057773527,С101901,/РОКИТНЕ-УЗИН/-САВИНЦI-НОВА МАКІВКА,Т-10-10 – Савинці – Нова Маківка,8.9,Рокитнянський район
1057773526,С101902,ОСТРІВ - КОЛЕСНИКОВО,Острів – Колесниково,12.3,Рокитнянський район
1057773525,С101903,ЗАПРУДДЯ-/РОКИТНЕ-СТАВИ/ ЧЕPЕЗ МАКIВКУ,Запруддя – Рокитне – Стави через Маківку,11.3,Рокитнянський район
1057773524,С101904,/РОКИТНЕ-СТАВИ/-РОМАШКИ-БАКУМIВКА,С101903 – Ромашки – Бакумівка,3.9,Рокитнянський район
1057773523,С101905,ЛУБ'ЯНКА-ЛЮБКИ,Луб'янка – Любки,5.7,Рокитнянський район
1057773522,С101906,НАСТАШКА-КОЛЕСНИКОВЕ,Насташка – Колесникове,4,Рокитнянський район
1057773521,С101907,/Н-02/-МАКIВКА,Н-02 – Маківка,3.1,Рокитнянський район
1057773520,С101908,/Р-04/-ПЛОСКЕ/ - ПОТІЇВКА,Р-04 – Плоске – Потіївка,2.8,Рокитнянський район
1057773519,С101909,/ТЕЛЕШІВКА-ОЛЬШАНИЦЯ-ТАРАЩА/ - ОЛЬШАНИЦЯ-2,О101913 – Ольшаниця-2,1.1,Рокитнянський район
1057773497,С101910,/ТЕЛЕШІВКА-ОЛЬШАНИЦЯ-ТАРАЩА-/- ЛУБ'ЯНКА,О101913 – Луб'янка,5.5,Рокитнянський район
1057773496,С101911,/КИЇВ-ФАСТІВ-Б.ЦЕРКВА-ТАРАЩА-ЗВЕНИГОРОДКА/-БИРЮКИ,Р-04 – Бирюки,4,Рокитнянський район
1057773495,С101912,/КИЇВ-ФАСТІВ-Б.ЦЕРКВА-ТАРАЩА-ЗВЕНИГОРОДКА/-ПУГАЧIВКА,Р-04 – Пугачівка,4.2,Рокитнянський район
1057773494,С101913,/Н-02/-ТАРАСІВКА-ЖИТНІ ГОРИ/ - МАКІВКА,О100215 – Маківка,5.5,Рокитнянський район
1057773493,С101914,ЛУБ'ЯНКА - ОЛЕКСАНДРIВКА,Луб'янка – Олександрівка,3.6,Миронівський район;Рокитнянський район
1057752385,С102001,НОВА ПУСТОВАРIВКА-ТАРАСІВКА,Нова Пустоварівка – Тараща,4.8,Сквирський район
1057752384,С102002,УЛЯНIВКА - ОРIХОВЕЦЬ,Улянівка – Оріховець,9,Сквирський район
1057752383,С102003,МОВЧАНIВКА - КАЛЕННА,Мовчанівка – Каленна,4.7,Сквирський район
1057752382,С102004,ДУЛИЦЬКЕ - БЕЗПЕЧНА,Дулицьке – Безпечна,1.6,Сквирський район
1057752381,С102005,/ТУРБІВ-ПОГРЕБИЩЕ-СКВИРА /- ТОКАРIВКА,Т-02-03 – Токарівка,3.5,Сквирський район
1057752380,С102006,ДУНАЙКА - РОГІЗНА,Дунайка – Рогізна,4,Сквирський район
1057752379,С102007,/ Н-02/- ЗОЛОТУХА,Н-02 – Золотуха,1,Сквирський район
1057752378,С102008,/Н-02/- ЦАПIЇВКА,Н-02 – Цапіївка,2.5,Сквирський район
1057752377,С102009,/СКВИРА-РУДЕ СЕЛО-/БІЛА ЦЕРКВА-ТЕТІЇВ-ЛИПОВЕЦЬ-ГУМЕННЕ/- КАЛЕНА,О102009 – Калена,9.5,Сквирський район
1057752355,С102010,/СКВИРА-РУДЕ СЕЛО-/БІЛА ЦЕРКВА-ТЕТІЇВ-ЛИПОВЕЦЬ-ГУМЕННЕ/- КОНОНІВКА,О102009 – Кононівка,2,Сквирський район
1057752354,С102011,/СКВИРА-РУДЕ СЕЛО-/БІЛА ЦЕРКВА-ТЕТІЇВ-ЛИПОВЕЦЬ-ГУМЕННЕ/- ЛАВРИКИ,О102009 – Лаврики,2.4,Сквирський район
1057752353,С102012,ПИЩИКИ - БЕЗУГЛЯКИ,Пищики – Безугляки,3,Сквирський район
1057752352,С102013,ВОРОНИЧI - ВЕЛИКОПОЛОВЕЦЬКЕ,Вороничі – Великополовецьке,5,Сквирський район
1057752351,С102014,/ ВОРОНИЧI-ВЕЛИКОПОЛОВЕЦЬКЕ/- АНДРIЇВКА,С102013 – Андріївка,5,Сквирський район
1057752350,С102015,ПИЩИКИ - РУДА,Пищики – Руда,6.2,Сквирський район
1057752348,С102017,/М.ПОЛОВЕЦЬКЕ-ШАМРАЇВКА/-ЦУКРОЗАВОД,О102408 – цукрозавод,2.5,Сквирський район
1057752347,С102018,ТАРАСІВКА- ТХОРІВКА,Тарасівка – Тхорівка,3.2,Сквирський район
1057752346,С102019,ПИЩИКИ - ФУРСИ,Пищики – Фурси,3.5,Сквирський район
1057751424,С102101,ПОПРУЖНА - ЧАПАЇВКА,Попружна – Чапаївка,3.8,Ставищенський район
1057751423,С102102,КРАСИЛIВКА - БУКИ,Красилівка – Буки,5.9,Ставищенський район
1057751422,С102103,/ТАРАЩА - СТАВИЩЕ/ - ЖУРАВЛИХА,Т-10-21 – Журавлиха,6.2,Ставищенський район
1057751421,С102104,/ТЕТIЇВ - П*ЯТИГОРИ -/М-05/ - ЧЕРВОНЕ,Т-10-14 – Червоне,3.9,Ставищенський район
1057751420,С102105,/ТАРАЩА - СТАВИЩЕ/ - ЖУРАВЛИХА/ - АНТОНIВКА,С102103 – Антонівка,1.8,Ставищенський район
1057751419,С102106,/КИЇВ-ОДЕСА/- СНІЖКИ-СТАВИЩЕ,М-05 – Сніжки – Ставище,4.2,Ставищенський район
1057751418,С102107,/ТЕТІЇВ-П*ЯТИГОРИ - /М-05/-ЧЕРВОНЕ/- ГРИГОРІВКА,Т-10-14 – Григорівка,2.3,Ставищенський район
1057751417,С102108,/КИЇВ - ОДЕСА// - ВИНАРIВКА,М-05 – Винарівка,1.2,Ставищенський район
1057751416,С102109,/КИЇВ - ОДЕСА/ - ТОРЧИЦЬКИЙ СТЕПОК,М-05 – Торчицький Степок,3.4,Ставищенський район
1057751394,С102110,/ Р-18/ - ВИШКIВСЬКЕ,Р-18 – Вишківське,1.8,Ставищенський район
1057750463,С102201,СЕВЕРИНIВКА - ВОЛОДИМИРІВКА,Северинівка – Володимирівка,12.3,Таращанський район
1057750462,С102202,РIЖКИ - ЧЕРВОНI ЯРИ,Ріжки – Червоні Яри,5,Таращанський район
1057750461,С102203,ПОТОКИ - ЛІСОВИЧІ,Потоки – Лісовичі,3.3,Таращанський район
1057750460,С102204,САЛИХА - /КИЇВ-ФАСТIВ -БІЛА ЦЕРКВА-ТАРАЩА-ЗВЕНИГОРОДКА/ ЧЕPЕЗ КРИВУ,Салиха – Крива – Р-04,8.9,Таращанський район
1057750459,С102205,/Р-04/ - ПЛОСКЕ/ - КРАСЮКИ,О101914 – Красюки,1.2,Таращанський район
1057750458,С102206,/КИЇВ - ФАСТIВ - БІЛА ЦЕРКВА-ТАРАЩА-ЗВЕНИГОРОДКА/ - ЧЕРНИН,Р-04 – Чернин,6.1,Таращанський район
1057750457,С102207,/КИЇВ - ФАСТIВ - БІЛА ЦЕРКВА-ТАРАЩА-ЗВЕНИГОРОДКА/ - УЛАШIВКА,Р-04 – Улашівка,2.6,Таращанський район
1057750456,С102208,/КИЇВ - ФАСТIВ - БІЛА ЦЕРКВА-ТАРАЩА-ЗВЕНИГОРОДКА/ - МАЛОБЕРЕЗАНСЬКЕ,Р-04 – Малоберезанське,3.8,Таращанський район
1057750455,С102209,/КІВШОВАТА - БОВКУН/ - БУДА,О102210 – Буда,2.2,Таращанський район
1057750433,С102210,/КИЇВ - ФАСТIВ - БІЛА ЦЕРКВА-ТАРАЩА-ЗВЕНИГОРОДКА/ - МАКОВЕЦЬКЕ,Р-04 – Маковецьке,4.6,Таращанський район
1057750432,С102211,ПІД*ЇЗД ДО с.КОСЯКІВКА,Під'їзд до с.Косяківка,2.4,Таращанський район
1057749502,С102301,/ТЕТIЇВ - СТАДНИЦЯ/ - ДУБИНА - /ДЕНИХIВКА - СТАДНИЦЯ/,О102307 – Дубина – С102303,6.3,Тетіївський район
1057749501,С102302,/ТЕТIЇВ - П'ЯТИГОРИ - /М-05/ - ОДАЙПIЛЬ,Т-10-14 – Одайпіль,7.4,Тетіївський район
1057749500,С102303,/ТЕТIЇВ - ГОРОШКІВ/ - СТАДНИЦЯ,О102302 – Стадниця,8.4,Тетіївський район
1057749499,С102304,/ТЕТIЇВ - ГОРОШКІВ/ - ХМЕЛIВКА,О102302 – Хмелівка,12.4,Тетіївський район
1057749498,С102305,ГОРОШКIВ-РIДЕНЬКЕ,Горошків – Ріденьке,3.6,Тетіївський район
1057749497,С102306,//ТЕТIЇВ - ГОРОШКІВ/ - ХМЕЛIВКА/ - ВИСОКЕ,С102304 – Високе,3.5,Тетіївський район
1057749496,С102307,/ТЕТIЇВ - ГОРОШКІВ/ - СТЕПОВЕ,О102302 – Степове,3,Тетіївський район
1057749495,С102308,/БIЛА ЦЕРКВА - ТЕТІЇВ-ЛИПОВЕЦЬ-ГУМЕННЕ /-/М-12/-ЧЕРЕПИН/ - ГРИГОРIВКА,О102308 – Григорівка,1.5,Тетіївський район
1057749494,С102309,/ВОЛОДАРКА - ДЕНИХIВКА/ - СОФIПIЛЬ,О100901 – Софіпіль,2.2,Тетіївський район
1057749472,С102310,/ТЕТIЇВ - П*ЯТИГОРИ - /М-05/ - МОЛОЧНЕ,Т-10-14 – Молочне,1.6,Тетіївський район
1057749471,С102311,/ТЕТIЇВ -П*ЯТИГОРИ - /М-05/ - ЧЕРЕПИН,Т-10-14 – Черепин,4.5,Тетіївський район
1057749470,С102312,МИХАЙЛIВКА-ТАРАСIВКА,Михайлівка – Тарасівка,5.4,Тетіївський район
1057749469,С102313,СТАДНИЦЯ - ВИСОКЕ,Стадниця – Високе,6.6,Тетіївський район
1057748541,С102401,/СКРИГАЛIВКА - ЯХНИ/ - СТЕПОВЕ,Скригалівка – Яхні – Степове,6,Фастівський район
1057748540,С102402,МЛИНОК - ВЕПРИК,Млинок – Веприк,3.9,Фастівський район
1057748539,С102403,/ФАСТIВ - ДІДІВЩИНА /НА БРУСИЛІВ/ - ПРИШИВАЛЬНЯ,О102413 – Пришивальня,3.6,Фастівський район
1057748538,С102404,"/ФАСТIВ - ДІДІВЩИНА/ НА БРУСИЛІВ/ - ВIЛЬНЕ ЧЕPЕЗ ДЕМИНIВКУ,ВIЛЬШАНСЬКУ НИВУ",О102413 – Деминівка – Вільшанська Нива – Вільне,4.8,Фастівський район
1057748537,С102405,"/ФАСТIВ-КОЖАНКА-ФУРСИ-ЯБЛУНІВКА-ВОЛОДАРКА/ - ЧЕРВОНЕ ЧЕРЕЗ ТРИЛIСИ, ПИЛИПIВКУ",Т-10-13 – Триліси – Пилипівка – Червоне,13.3,Фастівський район
1057748536,С102406,/КИЇВ-ФАСТІВ-БІЛА ЦЕРКВА-ТАРАЩА-ЗВЕНИГОРОДКА/ - ВИШНЯ,Р-04 – Вишня,3.2,Фастівський район
1057748535,С102407,КОЖАНКА - ПОЧУЙКИ,Кожанка – Почуйки,3.2,Фастівський район
1057748534,С102408,/ФАСТIВ-КОЖАНКА-ФУРСИ-ЯБЛУНІВКА-ВОЛОДАРКА/ - БОРТНИКИ,Т-10-13 – Бортники,5.7,Фастівський район
1057748533,С102409,ПИЛИПІВКА - ЄЛИЗАВЕТIВКА,Пилипівка – Єлізаветівка,4.6,Фастівський район
1057748511,С102410,ВИШНЯКИ - /ФАСТІВ-БОРОВА-/М-05/ ЧЕРЕЗ МОТОВИЛIВСЬКУ СЛОБIДКУ,Вишняки – Мотовилівська Слобідка – О102403,5.8,Фастівський район
1057748510,С102411,/ФАСТIВ - КОЩIЇВКА/ - ВЕЛИКА ОФIРНА,О102405 – Велика Офірна,2.4,Фастівський район
1057748509,С102412,/ФАСТІВЕЦЬ-ПАЛЯНИЧЕНЦІ/ - ГВАРДІЄЦЬ,О102401 – Гвардієць,1.5,Фастівський район
1057748508,С102413,/ФАСТІВ-МИТНИЦЯ-ОБУХІВ-РЖИЩІВ-КАНІВ/ - КЛЕХIВКА,Р-19 – Клехівка,1.1,Фастівський район
1057748507,С102414,ФЕДОРІВКА - ЛУЧИН,Федорівка – Лучин,2.3,Фастівський район
1057748506,С102415,КИЩИНЦІ - ПАЛЯНИЧЕНЦІ,Кищинці – Паляниченці,3.2,Фастівський район
1057748505,С102416,/ФЕДОРІВКА-ЯРОШІВКА/-ПРИШИВАЛЬНЯ,О102410 – Пришивальня,1.9,Фастівський район
1057748504,С102417,ПІД'ЇЗД ДО с.ОЛЕНІВКА,Під'їзд до с. Оленівка,0.7,Фастівський район
1057747580,С102501,ГРИГОРІВКА - ФЕДОРІВКА,Григорівка – Федорівка,2.6,Яготинський район
1057747579,С102502,ТУЖИЛIВ ЧЕРЕЗ СОКОЛIВЩИНУ-/БОРИСПІЛЬ-БЕРЕЗАНЬ-ЯГОТИН/,Тужилів – Соколівщина – Т-10-18,4.4,Яготинський район
1057747578,С102503,"ШЕВЧЕНКОВЕ-/М-03/ ЧЕРЕЗ ДВІРКІВЩИНУ,ВОРОНІВЩИНУ",Шевченкове – Двірківщина – Воронівщина – М-03,8.7,Яготинський район
1057747577,С102504,/Т-25-41/- СУПОЇВКА-ОЗЕРНЕ -/Т-25-41/,Т-25-41 – Супоївка – Озерне – Т-25-41,5.4,Яготинський район
1057747576,С102505,/Т-25-41/-ДЗЮБІВКА- ЧЕРКАСIВКА-/Т-25-41/,Т-25-41 – Дзюбівка – Черкасівка – Т-25-41,3.9,Яготинський район
1057747575,С102506,/ГОРБАЧІВКА-ВОЗНЕСЕНСЬКЕ-/Т-25-41/-РОЗУМІВКА-РОКИТНЕ-/Т-25-41/,О102506 – Розумівка – Рокитне – Т-25-41,7,Яготинський район
1057747574,С102507,/М-03/ - ГРЕЧАНIВКА,М-03 – Гречанівка,8,Яготинський район
1057747573,С102508,/М-03/ - БОГДАНIВКА,М-03 – Богданівка,2.8,Яготинський район
1057747572,С102509,ЖОРАВКА - /М-03/,Жоравка – М-03,4.8,Яготинський район
1057747550,С102510,/ЯГОТИН - ВIЛЬНЕ/ - КУЛЯБIВКА,О102502 – Кулябівка,2.4,Яготинський район
1057747549,С102511,/ЯГОТИН - ВIЛЬНЕ/ - ШЕВЧЕНКОВЕ,О102502 – Шевченкове,2,Яготинський район
1057747548,С102512,/ЯГОТИН - ВIЛЬНЕ/ - ЗАРIЧЧЯ,О102502 – Заріччя,2.6,Яготинський район
1057747547,С102513,/ЯГОТИН - /М-03/ - ЗАСУПОЇВКА,О102503 – Засупоївка,1.8,Яготинський район
1057747546,С102514,/ЯГОТИН-/М-03/ ЧЕРЕЗ ЗАСУПОЇВКУ/ - ПАНФИЛИ,О102503 – Панфилі,3.5,Яготинський район
1057747545,С102515,/П-ХМЕЛЬНИЦЬКИЙ-ДОБРАНИЧІВКА -/М-03/ - ТРУБIВЩИНА,О101713 – Трубівщина,1.6,Яготинський район
1057747544,С102516,/П-ХМЕЛЬНИЦЬКИЙ-ДОБРАНИЧІВКА- /М-03/ - ДЕМКИ,О101713 – Демки,2.3,Яготинський район
1057747543,С102517,ЛЕМЕШIВКА - СМОТРИКИ,Лемешівка – Смотрики,2.6,Яготинський район
1057747542,С102518,/БОРИСПІЛЬ-БЕРЕЗАНЬ-ЯГОТИН/ - ЧЕРНЯХІВСЬКЕ ВІДДІЛЕННЯ,Т-10-18 – Черняхівське відділення,14.8,Яготинський район
1057747541,С102519,ХЛIБОПPИЙМАЛЬНИЙ ПУНКТ - /М-03/,Хлібоприймальний пункт – М-03,3.5,Яготинський район
1057744659,С102818,"ПІД""ЇЗД ДО смт.КОЖАНКА",Під'їзд до смт.Кожанка,0.3,Фастівський район
