ref,official_name,name,distance,district
С140544,Лучани-Ліщини,Лучани – Ліщини,0.9,Стрийський район
С140630,Станція Кам'янка-Волоська-(Львів-Рава-Руська),Станція Кам'янка – Волоська – М-09,1.0,Львівський район
С141701,Мігово-Добромиль,Мігово – Добромиль,7.5,Самбірський район
С140837,Сокіл-Желдець,Сокіл – Желдець,4.2,Львівський район
С140681,(Куликів-Великосілки)-Батівка,С140605 – Батівка,1.0,Львівський район
С141749,Нове Місто-Посада Новоміська,Нове Місто – Посада Новоміська,3.5,Самбірський район
С141619,Піддубне-(Червоноград-Рава-Руська),Піддубне – Р-15,2.9,Червоноградський район
С140824,Хренів-Убині,Хренів – Убині,1.0,Львівський район
С140674,Нагірці-Могиляни,Нагірці – Могиляни,4.3,Львівський район
С141813,Баня-Лисовицька-Лани-Соколівські,Баня – Лисовицька – Лани – Соколівські,14.3,Стрийський район
С141828,Подорожнє-Зарічне,Подорожнє – Зарічне,6.5,Стрийський район
С140411,Ортиничі-Биків,Ортиничі – Биків,4.5,Дрогобицький район
С140309,Угри-(Миколаїв-Бібрка),Угри – Т-14-25,1.9,Львівський район
С141059,Загороди-Кути,Загороди – Кути,1.0,Яворівський район
С140687,Куликів-Костеїв,Куликів – Костеїв,5.6,Львівський район
С141616,(Ковель-Жовква)-Межиріччя,Р-15 – Межиріччя,1.0,Червоноградський район
С141028,Підгать-Арламівська Воля,Підгать – Арламівська Воля,2.7,Яворівський район
С141421,Сприня-Підбуж,Сприня – Підбуж,1.6,Самбірський район
С140812,Банюнин-Убині,Банюнин – Убині,6.2,Львівський район
С140132,Панькова-Станіславчик,Панькова – Станіславчик,1.8,Золочівський район
С140302,"Родатичі-(Львів-Шегині)","Родатичі – М-11",0.5,Львівський район
С141428,Острів-Луки,Острів – Луки,4.3,Самбірський район
С140703,Золочів-Кропивна-Новосілки-Брюховичі,Золочів – Кропивна – Новосілки – Брюховичі,52.4,Золочівський район;Львівський район
С141132,Чемеринці-Гуральня,Чемеринці – Гуральня,3.1,Львівський район
С141831,Братківці-Пила,Братківці – Пила,6.1,Стрийський район
С141725,Ясениця Замкова-Піцарево,Ясениця Замкова – Піцарево,4.1,Самбірський район
С140414,(Східниця-Пісочна)-Довге,Т-14-02 – Довге,2.2,Дрогобицький район
С140315,Кліцько-Заболоття,Кліцько – Заболоття,2.2,Львівський район
С140680,(Туринка-Батятичі)-Білий Ліс,С140604 – Білий Ліс,3.5,Львівський район
С141328,Пустельники-Нивиці,Пустельники – Нивиці,7.6,Червоноградський район
С141937,Нижнє Гусине-Кривка,Нижнє Гусине – Кривка,4.4,Самбірський район
С140207,Задвір'я-Балучин,Задвір'я – Балучин,9.3,Золочівський район
С141310,Лопатин-Березівка,Лопатин – Березівка,10.4,Червоноградський район
С141527,Святослав-Коростів,Святослав – Коростів,3.1,Стрийський район
С140102,Кути-Бордуляки,Кути – Бордуляки,8.9,Золочівський район
С141053,Гусаків-Гориславичі,Гусаків – Гориславичі,2.4,Яворівський район
С141523,(Східниця-Верхнє Синьовидне)-Крушельниця,О140406 – Крушельниця,2.5,Стрийський район
С142021,Новини-Старий Яр,Новини – Старий Яр,3.2,Яворівський район
С141307,Радехів-Дмитрів,Радехів – Дмитрів,5.9,Червоноградський район
С140135,Накваша-Попівці-Підкамінь,Накваша – Попівці – Підкамінь,12.5,Золочівський район
С141743,Топільниця-Недільна,Топільниця – Недільна,6.4,Самбірський район
С140836,Константинівка-Зубів Міст,Константинівка – Зубів Міст,1.0,Львівський район
С142024,Воля-Старицька-Старичі,Воля – Старицька – Старичі,1.4,Яворівський район
С141711,Дроздовичі-Міженець-Бісковичі,Дроздовичі – Міженець – Бісковичі,31.0,Самбірський район
С140208,Новосілки-Красне,Новосілки – Красне,14.6,Золочівський район
С140534,Луковець-Журавне,Луковець – Журавне,4.4,Стрийський район
С141249,(Мукачеве-Львів)-Давидів,Н-09 – Давидів,0.5,Львівський район
С141515,Славське-Вигода,Славське – Вигода,22.3,Стрийський район
С140611,Великі Грибовичі-Дубляни,Великі Грибовичі – Дубляни,5.0,Львівський район
С140332,Кліцько-Підзвіринець-Грімно,Кліцько – Підзвіринець – Грімно,12.1,Львівський район
С141238,Поршна-Липники,Поршна – Липники,3.8,Львівський район
С141207,Пустомити-Містки,Пустомити – Містки,6.3,Львівський район
О141805,Під'їзд до м.Моршин,Під'їзд до м.Моршин,6.4,Стрийський район
С141806,Стрий-Заплатин,Стрий – Заплатин,4.9,Стрийський район
С141008,Мостиська Перші-(Львів-Шегині),Мостиська Перші – М-11,2.2,Яворівський район
С141748,Підмостичі-Трушевичі,Підмостичі – Трушевичі,1.0,Самбірський район
С141915,Красне-Мохнате,Красне – Мохнате,5.5,Стрийський район
С140126,Микити-(Накваша-Попівці-Підкамінь),Микити – С140135,1.7,Золочівський район
С140632,Хитрейки-Кунин,Хитрейки – Кунин,4.1,Львівський район
С140237,Новий Ріпнів-Кудир'явці,Новий Ріпнів – Кудир'явці,9.4,Золочівський район
С140525,Вільхівці-Волиця-Гніздичівська -Пчани,Вільхівці – Волиця – Гніздичівська – Пчани,6.9,Стрийський район
С141632,Забужжя-(Сокаль-Червоноград),Забужжя – О141607,1.5,Червоноградський район
О141902,Турка-Східниця,Турка – Східниця,38.9,Дрогобицький район;Самбірський район
С140825,(Миколаїв-Бібрка)-Тадані,Т-14-25 – Тадані,2.0,Львівський район
С141242,(Київ-Чоп)-Гаї-Острів,М-06 – Гаї – Острів,14.8,Львівський район
С140634,(Львів-Рава-Руська)-Березина,М-09 – Березина,2.7,Львівський район
С140127,Шпаки-(Накваша-Попівці-Підкамінь),Шпаки – С140135,1.6,Золочівський район
С141142,(Куровичі-Рогатин)-Залип'я,Т-14-17 – Залип'я,1.1,Львівський район
О141003,Мостиська-Краковець,Мостиська – Краковець,19.1,Яворівський район
С141653,Двірці-Заріка,Двірці – Заріка,0.5,Червоноградський район
С141936,Нижнє Гусине-Верхнє Гусине,Нижнє Гусине – Верхнє Гусине,7.5,Самбірський район
С140683,Зашків-Зарудці,Зашків – Зарудці,2.6,Львівський район
С141642,Жвирка-Завишень,Жвирка – Завишень,2.6,Червоноградський район
С140536,Журавне-Маринка-Тернавка,Журавне – Маринка – Тернавка,10.1,Стрийський район
С141919,(Львів-Ужгород)-Явора,Н-13 – Явора,1.2,Самбірський район
С141816,Миртюки-Розгірче,Миртюки – Розгірче,20.4,Стрийський район
С141804,Стрий-Добрівляни,Стрий – Добрівляни,3.8,Стрийський район
С141048,(Мостиська-Дидятичі)-Санники,С141003 – Санники,1.3,Яворівський район
С141648,Жовтневе-Белз,Жовтневе – Белз,1.8,Червоноградський район
С141424,Блажів-Черхава,Блажів – Черхава,8.0,Самбірський район
С140617,Любеля-Туринка,Любеля – Туринка,11.9,Львівський район
С141102,Бібрка-Добряничі,Бібрка – Добряничі,23.9,Львівський район
С140709,Ремезівці-Сновичі,Ремезівці – Сновичі,1.5,Золочівський район
С140641,Завади-Воля-Висоцька,Завади – Воля – Висоцька,2.0,Львівський район
С140755,Папірня-Сасів,Папірня – Сасів,0.9,Золочівський район
С142022,Середина-Вороблячин,Середина – Вороблячин,1.5,Яворівський район
С141931,Завадівка-Мельничне,Завадівка – Мельничне,4.8,Самбірський район
С140813,Цеперів-Старий Яричів,Цеперів – Старий Яричів,3.9,Львівський район
С140428,Новошичі-Ріпчиці,Новошичі – Ріпчиці,29.2,Дрогобицький район
С141338,Новоставці-Березівка,Новоставці – Березівка,1.3,Червоноградський район
С141635,(Шарпанці-Тартаків)-Борки,С141611 – Борки,1.0,Червоноградський район
О140101,Броди-Сморжів,Броди – Сморжів,29.7,Золочівський район;Червоноградський район
С141216,Винники-Чишки,Винники – Чишки,5.1,Львівський район
С140839,Липники-Батятичі,Липники – Батятичі,2.1,Львівський район
С140215,Кути-Олесько,Кути – Олесько,2.9,Золочівський район
С140915,Горішнє-Долішнє-Станківці,Горішнє – Долішнє – Станківці,3.2,Стрийський район
С141032,Ніговичі-Кропильники,Ніговичі – Кропильники,3.5,Яворівський район
С140670,Малі Передримихи-(Миколаїв-Бібрка),Малі Передримихи – Т-14-25,2.0,Львівський район
С142027,(Львів-Краковець)-Роснівка,М-10 – Роснівка,2.8,Яворівський район
С140514,Соколівка-Сенів,Соколівка – Сенів,1.2,Львівський район
С141302,Поздимир-Яструбичі-Корчин,Поздимир – Яструбичі – Корчин,11.0,Червоноградський район
С140431,Городківка-Літиня,Городківка – Літиня,4.8,Дрогобицький район
С141018,Бортятин-Довгомостиська,Бортятин – Довгомостиська,5.2,Яворівський район
С140530,Руда-Махлинець,Руда – Махлинець,7.8,Стрийський район
С140429,Снятинка-Рихтичі,Снятинка – Рихтичі,6.1,Дрогобицький район
С140213,Чаниж-Заводське,Чаниж – Заводське,5.5,Золочівський район
С141408,Дубляни-Велика Озимина,Дубляни – Велика Озимина,2.6,Самбірський район
С140938,Берездівці-Підгірці,Берездівці – Підгірці,1.9,Стрийський район
С140116,Стиборівка-(Броди-Тернопіль),Стиборівка – Р-39,1.5,Золочівський район
С140223,Підставки-Боложинів,Підставки – Боложинів,1.1,Золочівський район
С141917,(Львів-Ужгород)-Мала Волосянка,Н-13 – Мала Волосянка,1.5,Самбірський район
С141337,Руденко-Хмільно,Руденко – Хмільно,2.2,Червоноградський район
С140656,(Львів-Рава-Руська)-Загір'я,М-09 – Загір'я,0.4,Львівський район
С140112,Пониква-Орани,Пониква – Орани,1.8,Золочівський район
С141927,Свидник-Ластівка,Свидник – Ластівка,2.0,Дрогобицький район
С141744,(Дроздовичі-Міженець-Бісковичі)-Вілюничі,С141711 – Вілюничі,1.1,Самбірський район
С140653,Матвин-Бабкани,Матвин – Бабкани,1.2,Львівський район
С141047,Биків-Гусаків,Биків – Гусаків,5.3,Яворівський район
С141058,Соколя-Максимці,Соколя – Максимці,1.6,Яворівський район
С140548,Ходорів-Молодинче-Вербиця,Ходорів – Молодинче – Вербиця,20.6,Стрийський район
С141140,Дунаїв-Тернівка,Дунаїв – Тернівка,0.8,Львівський район
С140113,(Київ-Чоп)-Сухота,М-06 – Сухота,2.5,Золочівський район
С140401,Сторона-Підбуж,Сторона – Підбуж,3.7,Дрогобицький район
С140506,Борусів-(Вибранівка-Отиневичі),Борусів – С140547,2.3,Стрийський район
С141006,Годині-Мишлятичі,Годині – Мишлятичі,11.1,Яворівський район
С140686,Чорний Луг-Зарудці,Чорний Луг – Зарудці,1.4,Львівський район
С141762,Плоске-(Мшанець-Стрілки),Плоске – С141704,2.0,Самбірський район
С140421,Дрогобич-Тустановичі,Дрогобич – Тустановичі,6.4,Дрогобицький район
С141004,Воля-Садківська-Малі Мокряни,Воля – Садківська – Малі Мокряни,14.5,Яворівський район
С141734,Дністрик-Ріп'яна,Дністрик – Ріп'яна,2.0,Самбірський район
С141030,Садковичі-Ятвяги,Садковичі – Ятвяги,0.6,Яворівський район
С140905,Гонятичі-(Київ-Чоп),Гонятичі – М-06,9.1,Стрийський район
С140750,(Перемишляни-Чемеринці-Плугів)-Махнівці,О141102 – Махнівці,2.0,Золочівський район
С141439,Кропильники-Ваньковичі,Кропильники – Ваньковичі,2.8,Самбірський район
С141325,Нестаничі-Вузлове,Нестаничі – Вузлове,5.5,Червоноградський район
С141416,Рудки-Хлопчиці-(Львів-Ужгород),Рудки – Хлопчиці – Н-13,7.1,Самбірський район
С141510,Нижнє Синьовидне-Кам'янка,Нижнє Синьовидне – Кам'янка,14.9,Стрийський район
С140720,Лісове-Зашків,Лісове – Зашків,2.7,Золочівський район
С140820,Кукезів-Цеперів,Кукезів – Цеперів,2.5,Львівський район
С141941,Зворець-Буковинка,Зворець – Буковинка,2.0,Самбірський район
С141042,Заріччя-(Львів-Шегині),Заріччя – М-11,3.2,Яворівський район
С140222,Заболотне-(Стовпин-Гумниська),Заболотне – С140214,1.1,Золочівський район
С140668,Крута Долина-Липники,Крута Долина – Липники,3.6,Львівський район
С141145,Іванівка-Яблунів,Іванівка – Яблунів,1.6,Львівський район
С140405,Новий Кропивник-Перепростиня,Новий Кропивник – Перепростиня,2.7,Дрогобицький район
С141513,Завадка-Задільське,Завадка – Задільське,9.9,Стрийський район
С142002,Віжомля-Прилбичі,Віжомля – Прилбичі,13.8,Яворівський район
С141943,Ільник-Ліктів,Ільник – Ліктів,2.5,Самбірський район
С140908,Крупське-Розділ,Крупське – Розділ,6.9,Стрийський район
С142034,Наконечне-Гостинцеве,Наконечне – Гостинцеве,20.5,Яворівський район
С140751,Торгів-Богутин,Торгів – Богутин,4.2,Золочівський район
С141043,Берегове-Королин,Берегове – Королин,2.1,Яворівський район
С141728,Солянуватка-(Нижанковичі-Стрий),Солянуватка – Т-14-18,0.5,Самбірський район
С141141,Тучне-Прибинь,Тучне – Прибинь,3.0,Львівський район
С141305,Радехів-Мукані,Радехів – Мукані,10.6,Червоноградський район
С141763,Оленів-Стрілки,Оленів – Стрілки,2.3,Самбірський район
О141603,Сокаль-Бояничі,Сокаль – Бояничі,5.7,Червоноградський район
С141433,Шептичі-Михайлевичі,Шептичі – Михайлевичі,3.2,Самбірський район
С140124,Пониковиця-Голосковичі,Пониковиця – Голосковичі,4.1,Золочівський район
С141212,Давидів-Товщів-Бібрка,Давидів – Товщів – Бібрка,24.0,Львівський район
С141716,Трушевичі-(Нижанковичі-Стрий),Трушевичі – Т-14-18,3.4,Самбірський район
С142004,(Рава-Руська-Судова Вишня)-Терновиця,Р-40 – Терновиця,6.7,Яворівський район
С141432,Загір'я-(Никловичі-Задністряни),Загір'я – С141405,2.6,Самбірський район
С140730,Сновичі-Красносільці,Сновичі – Красносільці,3.6,Золочівський район
С141920,Комарники-Закичера,Комарники – Закичера,2.4,Самбірський район
С140818,(Львів-Луцьк)-Жовтанці,Н-17 – Жовтанці,2.2,Львівський район
С141320,Волиця-Барилова-Куликів,Волиця – Барилова – Куликів,5.0,Червоноградський район
С140705,Бортків-Скварява,Бортків – Скварява,11.7,Золочівський район
С142001,Немирів-Грині-Середкевичі,Немирів – Грині – Середкевичі,20.4,Яворівський район
С140657,Пирятин-Гараєць,Пирятин – Гараєць,7.1,Львівський район
О141103,"Бережани-Нараїв-Брюховичі,","Бережани – Нараїв – Брюховичі,",12.0,Львівський район
С141822,Голобутів-Нежухів,Голобутів – Нежухів,3.1,Стрийський район
С140925,Розвадів-(Київ-Чоп),Розвадів – М-06,1.2,Стрийський район
С141257,Шуфраганка-Сердиця,Шуфраганка – Сердиця,2.2,Львівський район
С141649,(Червоноград-Рава-Руська)-Хлівчани,Р-15 – Хлівчани,8.9,Червоноградський район
С141634,Ромош-(Сокаль-Перетоки),Ромош – О141604,1.3,Червоноградський район
С141921,Завадівка-Лосинець,Завадівка – Лосинець,1.3,Самбірський район
С141418,Городище-Східниця,Городище – Східниця,26.5,Дрогобицький район;Самбірський район
С141739,Стара Ропа-Тварі,Стара Ропа – Тварі,3.2,Самбірський район
С141009,Твіржа-Волостків,Твіржа – Волостків,11.7,Яворівський район
С141148,Подусільна-Рівна,Подусільна – Рівна,1.0,Львівський район
С140726,Почапи-Жуличі,Почапи – Жуличі,2.7,Золочівський район
С140526,Підліски-Новосільці,Підліски – Новосільці,2.3,Стрийський район
С140137,Мамчурі-Ясенів,Мамчурі – Ясенів,22.3,Золочівський район
С140424,Нагуєвичі-Лішня,Нагуєвичі – Лішня,11.2,Дрогобицький район
С140603,Жовква-Мокротин-Сулимів,Жовква – Мокротин – Сулимів,17.0,Львівський район
С141829,(Київ-Чоп)-Луг,М-06 – Луг,5.2,Стрийський район
С140551,Квітневе-Баківці,Квітневе – Баківці,2.5,Львівський район
С141138,(Перемишляни-Чемеринці-Плугів)-Курний,О141102 – Курний,1.0,Львівський район
С140832,Сілець-Долина,Сілець – Долина,1.0,Червоноградський район
С142013,Черчик-Оселя-Дернаки,Черчик – Оселя – Дернаки,16.5,Яворівський район
С140847,Честині-Печихвости,Честині – Печихвости,2.4,Львівський район
С141429,Мала Озимина-Велика Озимина,Мала Озимина – Велика Озимина,2.1,Самбірський район
С141027,Піхи-Рожаки,Піхи – Рожаки,0.8,Яворівський район
С141730,Нижанковичі-Библо,Нижанковичі – Библо,7.7,Самбірський район
С142042,Лелехівка-Івано-Франкове,Лелехівка – Івано – Франкове,4.9,Яворівський район
С141754,(Мігово-Добромиль)-Велике,С141701 – Велике,2.2,Самбірський район
С140731,Чижів-(Перемишляни-Чемеринці-Плугів),Чижів – О141102,1.3,Золочівський район
С141427,Бабина-Пиняни,Бабина – Пиняни,3.1,Самбірський район
С140228,Лісове-Гутисько-Тур'янське,Лісове – Гутисько-Тур'янське,2.7,Золочівський район
С141721,Торчиновичі-(Львів-Ужгород),Торчиновичі – Н-13,0.5,Самбірський район
С140733,Зозулі-Козаки,Зозулі – Козаки,4.2,Золочівський район
С141023,(Нагірне-Добромиль)-Тамановичі,О141002 – Тамановичі,2.7,Яворівський район
С140106,Лісове-Піски,Лісове – Піски,3.4,Золочівський район
С140328,Мшана-Суховоля,Мшана – Суховоля,3.7,Львівський район
С141532,Верхнячка-Лази,Верхнячка – Лази,2.5,Стрийський район
С140901,Миколаїв-Прийма,Миколаїв – Прийма,1.4,Стрийський район
С141021,Заверхи-Черневе,Заверхи – Черневе,5.2,Яворівський район
С140619,Воля-Висоцька-Глинськ,Воля – Висоцька – Глинськ,2.3,Львівський район
С141119,Виписки-Пнятин,Виписки – Пнятин,3.1,Львівський район
С141760,Великосілля-Мала Лінина,Великосілля – Мала Лінина,3.9,Самбірський район
С141322,Оглядів-Монастирок-Оглядівський,Оглядів – Монастирок – Оглядівський,3.7,Червоноградський район
С141405,Никловичі-Задністряни,Никловичі – Задністряни,25.5,Самбірський район
С141245,Борщовичі-Нижня Білка,Борщовичі – Нижня Білка,2.5,Львівський район
С141647,(Комарів-Переспа)-Волиця,С141604 – Волиця,3.1,Червоноградський район
С141613,Стаївка-Пристань,Стаївка – Пристань,21.7,Червоноградський район
С141615,Сілець-Соснівка,Сілець – Соснівка,4.0,Червоноградський район
С140122,Велин-Вовковатиця,Велин – Вовковатиця,2.6,Золочівський район
С140748,Косичі-Підгайчики,Косичі – Підгайчики,1.4,Львівський район
С141629,Гута-Савчин,Гута – Савчин,2.6,Червоноградський район
С141124,Вишнівчик-Камінна,Вишнівчик – Камінна,2.5,Львівський район
С140815,Желдець-Воля-Жовтанецька,Желдець – Воля – Жовтанецька,6.9,Львівський район
С141528,Ростоки-Орявчик,Ростоки – Орявчик,1.5,Стрийський район
О140102,Броди-Соколівка,Броди – Соколівка,23.8,Золочівський район
С140117,(Броди-Тернопіль)-Кутище,Р-39 – Кутище,2.9,Золочівський район
С140924,станція Миколаїв-(Київ-Чоп),станція Миколаїв – М-06,2.6,Стрийський район
С141223,Сокільники-Західний обхід м.Львова,Сокільники – Західний обхід м.Львова,0.8,Львівський район
С141448,(Львів-Ужгород)-Хатки,Н-13 – Хатки,1.8,Самбірський район
С140627,Борове-Рава-Руська,Борове – Рава – Руська,5.2,Львівський район
С140607,Пили-Замочок,Пили – Замочок,5.6,Львівський район
С140718,Опаки-Хмелева,Опаки – Хмелева,5.3,Золочівський район
С140433,Рихтичі-Михайлевичі,Рихтичі – Михайлевичі,4.3,Дрогобицький район
С140216,Чучмани-Сторонибаби,Чучмани – Сторонибаби,8.6,Золочівський район
С141766,Ясениця-Замкова-Велика Волосянка,Ясениця – Замкова – Велика Волосянка,4.9,Самбірський район
С140435,Меденичі-Летня,Меденичі – Летня,4.7,Дрогобицький район
С140205,Буськ-Соколя,Буськ – Соколя,13.7,Золочівський район
О140502,Жидачів-Верчани,Жидачів – Верчани,20.5,Стрийський район
С142029,(Наконечне-Гостинцеве)-Іваники,С142034 – Іваники,2.0,Яворівський район
С141330,(Броди-Сморжів)-Саджалка,О140101 – Саджалка,1.4,Червоноградський район
С141252,Жирівка-Вовків,Жирівка – Вовків,1.0,Львівський район
О141901,Турка-Лопушанка,Турка – Лопушанка,26.5,Самбірський район
С141225,Виннички-Давидів,Виннички – Давидів,5.3,Львівський район
С141039,Колодків-Соколя,Колодків – Соколя,5.8,Яворівський район
С141128,Підвисоке-Кимир,Підвисоке – Кимир,2.6,Львівський район
С140432,Воля-Добрівляни,Воля – Добрівляни,6.3,Дрогобицький район
С141422,Бісковичі-(Мостиська-Борислав),Бісковичі – Т-14-15,6.0,Самбірський район
С140527,Черемхів-(Ходорів-Молодинче-Вербиця),Черемхів – С140548,0.7,Стрийський район
С140753,(Рівне-Млинів-Берестечко-Буськ-Перемишляни)-Мазів,Т-18-06 – Мазів,0.4,Львівський район
С141820,Ланівка-Райлів,Ланівка – Райлів,7.8,Стрийський район
С141509,Ямельниця-Крушельниця,Ямельниця – Крушельниця,4.3,Стрийський район
С142020,(Яворів-Грушів)-Лісок,Т-14-20 – Лісок,1.0,Яворівський район
С141643,Тартаків-Романівка,Тартаків – Романівка,3.6,Червоноградський район
С140510,Бережниця-Йосиповичі,Бережниця – Йосиповичі,14.7,Стрийський район
С141229,Липники-Милятичі,Липники – Милятичі,8.6,Львівський район
С140507,Піддністряни-Рудківці-Жирова,Піддністряни – Рудківці – Жирова,10.5,Стрийський район
С140728,(Золочів-Кропивник-Новосілки-Брюховичі)-Коропчик,С140703 – Коропчик,1.0,Золочівський район
С140550,Мельнич-Чертіж,Мельнич – Чертіж,13.5,Стрийський район
С140740,Копані-(Городилів-Обертасів),Копані – С140717,2.0,Золочівський район
С141329,Колісники-(Рівне-Перемишляни),Колісники – Т-18-06,1.8,Червоноградський район
С141321,Увин-(Синьків-Стремільче),Увин – С141309,3.1,Червоноградський район
С140723,Об'їзд с.Білий Камінь,Об'їзд с.Білий Камінь,1.5,Золочівський район
С140713,Поморяни-Кальне,Поморяни – Кальне,0.9,Золочівський район
С140335,Думанів-Суховоля,Думанів – Суховоля,4.5,Львівський район
С141811,Угерсько-Кути,Угерсько – Кути,10.9,Стрийський район
С141504,(Київ-Чоп)-Межиброди,М-06 – Межиброди,1.3,Стрийський район
С141222,(Львів-Тернопіль)-Під'ярків,Н-02 – Під'ярків,6.6,Львівський район
С140615,Пристань-В'язова,Пристань – В'язова,16.0,Львівський район
С140848,(Львів-Луцьк)-Печихвости-Велике Колодно,Н-17 – Печихвости – Велике Колодно,6.3,Львівський район
С140828,Стрептів-Деревляни-Спас,Стрептів – Деревляни – Спас,10.8,Львівський район
С141641,Матів-Смиків,Матів – Смиків,1.0,Червоноградський район
С141101,Шопки-Станимир-Ганачівка,Шопки – Станимир – Ганачівка,11.6,Львівський район
С140714,Хильчиці-Ясенівці,Хильчиці – Ясенівці,2.2,Золочівський район
С140226,Баймаки-(Гутисько-Тур'янське-Почапи),Баймаки – С140202,1.7,Золочівський район
С140441,Нове Село-Болехівці,Нове Село – Болехівці,3.2,Дрогобицький район
С141441,(Львів-Ужгород)-Долобів,Н-13 – Долобів,6.5,Самбірський район
С142023,Рішин-(Середина-Вороблячин),Рішин – С142022,1.3,Яворівський район
С140231,Лісове-Горбачі,Лісове – Горбачі,2.8,Золочівський район
С140128,Загірці-Підгірці,Загірці – Підгірці,3.3,Золочівський район
С141236,Семенівка-Хоросно,Семенівка – Хоросно,8.5,Львівський район
С140519,Прибілля-Грусятичі,Прибілля – Грусятичі,7.5,Стрийський район
С140717,Городилів-Обертасів,Городилів – Обертасів,11.2,Золочівський район
С141309,Синьків-Стремільче,Синьків – Стремільче,20.6,Червоноградський район
С141753,Кропивник-Княжпіль,Кропивник – Княжпіль,3.9,Самбірський район
С140846,Грабовець-Загаї-Жовтанці,Грабовець – Загаї – Жовтанці,3.7,Львівський район
С141940,Буковинка-Закичера,Буковинка – Закичера,1.0,Самбірський район
С141835,Долішнє-Горішнє,Долішнє – Горішнє,3.8,Стрийський район
С141045,Дмитровичі-Кульматичі,Дмитровичі – Кульматичі,3.7,Яворівський район
С140929,(Київ-Чоп)-Бродки,М-06 – Бродки,1.5,Стрийський район
С140814,Сілець-(Львів-Луцьк),Сілець – Н-17,3.5,Червоноградський район
С141335,Батиїв-Кустин,Батиїв – Кустин,6.5,Червоноградський район
С140746,(Львів-Тернопіль)-Митулин,Н-02 – Митулин,0.9,Золочівський район
С141815,Ходовичі-Лани Соколівські,Ходовичі – Лани Соколівські,17.7,Стрийський район
С140333,Шоломиничі-Вигодівка,Шоломиничі – Вигодівка,3.0,Львівський район
С140241,Кізлів-Думниця,Кізлів – Думниця,2.0,Золочівський район
С141261,Лани-Попеляни-Черкаси в т.ч. під'їзд до с.Попеляни,Лани – Попеляни – Черкаси в т.ч. під'їзд до с.Попеляни,6.0,Львівський район
С141602,Белз-Ванів-Острів,Белз – Ванів – Острів,11.1,Червоноградський район
С140626,Сопошин-Мацошин,Сопошин – Мацошин,3.7,Львівський район
С140211,Красне-Утішків,Красне – Утішків,4.1,Золочівський район
С141717,Чаплі-Павлівка,Чаплі – Павлівка,3.6,Самбірський район
С140819,Дальнич-Сапіжанка,Дальнич – Сапіжанка,8.9,Львівський район
С140204,Буськ-Ракобовти,Буськ – Ракобовти,5.8,Золочівський район
С141646,(Борятин-Добрячин)-Рудка,С141630 – Рудка,1.3,Червоноградський район
С140324,Підзвіринець-Грабине,Підзвіринець – Грабине,3.0,Львівський район
С140314,Косівець-Бірче,Косівець – Бірче,1.6,Львівський район
С140752,Поморяни-Кульби,Поморяни – Кульби,4.5,Золочівський район
С141750,Ракова-Надиби,Ракова – Надиби,7.6,Самбірський район
С141901,Либохора-Верхнє Висоцьке,Либохора – Верхнє Висоцьке,10.7,Самбірський район
С141218,станція Підбірці-(Львів-Сухоріччя),станція Підбірці – С141203,1.0,Львівський район
С141758,Завадка-Сушиця,Завадка – Сушиця,1.3,Самбірський район
С141404,Колбаєвичі-Конюшки-Королівські,Колбаєвичі – Конюшки – Королівські,10.8,Самбірський район
С140436,Доброгостів-Бистрий,Доброгостів – Бистрий,2.5,Дрогобицький район
С141143,Вишнівчик-Лонівка,Вишнівчик – Лонівка,2.0,Львівський район
С141425,Красниця-(Вербівка-Бісковичі),Красниця – С141442,1.2,Самбірський район
С141210,Муроване-Новий Яричів,Муроване – Новий Яричів,18.1,Львівський район
С141732,(Дроздовичі-Міженець-Бісковичі)-Дроздовичі,С141711 – Дроздовичі,1.3,Самбірський район
С141139,Мерещів-Добряничі,Мерещів – Добряничі,8.0,Львівський район
С141606,Скоморохи-Роятин,Скоморохи – Роятин,6.0,Червоноградський район
С141517,(Київ-Чоп)-Сможе,М-06 – Сможе,5.9,Стрийський район
С140821,Дідилів-(Київ-Чоп),Дідилів – М-06,2.0,Львівський район
С141263,(Львів-Меденичі)-Семенівка,Т-14-16 – Семенівка,1.6,Львівський район
С141105,(Куровичі-Рогатин)-Бачів,Т-14-17 – Бачів,5.0,Львівський район
С140650,Гійче-Мельники-Луг,Гійче – Мельники – Луг,2.2,Львівський район
С140921,Рівне-Більче,Рівне – Більче,1.0,Стрийський район
С141437,Круковець-Погірці,Круковець – Погірці,7.7,Самбірський район
С141913,Мала Волосянка-Явора,Мала Волосянка – Явора,8.0,Самбірський район
С140738,Верхобуж-Колтів,Верхобуж – Колтів,3.5,Золочівський район
С141525,Корчин-Дубина,Корчин – Дубина,4.3,Стрийський район
С141518,(Славське-Вигода)-Верхня Рожанка,С141515 – Верхня Рожанка,2.0,Стрийський район
С140310,(Городок-Лісна)-Дроздовичі,С140307 – Дроздовичі,1.2,Львівський район
С141231,(Львів-Сухоріччя)-Лисиничі,С141203 – Лисиничі,1.3,Львівський район
С140638,Кунин-Бір-Кунинський,Кунин – Бір – Кунинський,5.0,Львівський район
О141903,Бориня-Мохнате,Бориня – Мохнате,30.3,Самбірський район;Стрийський район
С140442,(Нижанковичі-Стрий)-Верхні Гаї,Т-14-18 – Верхні Гаї,1.5,Дрогобицький район
С141713,Стрілки-Новий Кропивник,Стрілки – Новий Кропивник,32.5,Дрогобицький район;Самбірський район
С141626,Пісочне-Шихтарі,Пісочне – Шихтарі,6.0,Червоноградський район
С141720,Шумина-Муроване-Тарнавка,Шумина – Муроване – Тарнавка,7.0,Самбірський район
С140844,Новий Став-Честині-(Львів-Луцьк),Новий Став – Честині – Н-17,4.5,Львівський район
С140736,Підлисся-Розваж-Білий Камінь,Підлисся – Розваж – Білий Камінь,9.4,Золочівський район
С141832,Нижня Лукавиця-Горішнє,Нижня Лукавиця – Горішнє,8.1,Стрийський район
С141254,Загір'я-Грабник,Загір'я – Грабник,1.8,Львівський район
С140672,Блищиводи-Смереків,Блищиводи – Смереків,5.3,Львівський район
С141247,Гаї-Звенигород,Гаї – Звенигород,2.0,Львівський район
С141217,Шоломинь-(Старе Село-Коцурів-Затемне),Шоломинь – С141211,10.0,Львівський район
С141110,Березівка-(Куровичі-Рогатин),Березівка – Т-14-17,7.4,Львівський район
С141738,Букова-Ракова,Букова – Ракова,6.1,Самбірський район
С141221,Верхня Білка-Острів,Верхня Білка – Острів,7.1,Львівський район
С142036,(Львів-Краковець)-Вороців,М-10 – Вороців,4.4,Яворівський район
С141801,Довголука-Конюхів,Довголука – Конюхів,9.8,Стрийський район
С141840,Колодниця-Конюхів,Колодниця – Конюхів,2.8,Стрийський район
С141109,Болотня-Рівна,Болотня – Рівна,6.6,Львівський район
С140838,Мазярка-Желдець,Мазярка – Желдець,2.2,Львівський район
С141719,Рожеве-Поляна,Рожеве – Поляна,7.6,Самбірський район
С141516,Славське-Хащованя,Славське – Хащованя,14.4,Стрийський район
С140338,Завидовичі-Зашковичі,Завидовичі – Зашковичі,3.8,Львівський район
С141268,Кротошин-Зубра-(Київ-Чоп),Кротошин – Зубра – М-06,1.1,Львівський район
С140830,Стриганка-Старий Добротвір,Стриганка – Старий Добротвір,4.9,Червоноградський район
С140937,Рудники-(Київ-Чоп),Рудники – М-06,3.6,Стрийський район
С141213,Щирець-Вербіж,Щирець – Вербіж,11.3,Львівський район;Стрийський район
С140664,Геруси-Окопи,Геруси – Окопи,0.1,Львівський район
С142031,(Вербляни-Руда-Краковецька)-Дацки,С142006 – Дацки,2.6,Яворівський район
С140652,Борове-Потелич,Борове – Потелич,2.0,Львівський район
С140516,Квітневе-Бертишів,Квітневе – Бертишів,5.1,Львівський район
С141934,Верхнє-Яворів,Верхнє – Яворів,5.7,Самбірський район
С142030,Воля-Руда,Воля – Руда,1.9,Яворівський район
С140712,Зарваниця-Новоселище-Плугів,Зарваниця – Новоселище – Плугів,16.1,Золочівський район
О141804,Стрий-Меденичі,Стрий – Меденичі,17.8,Дрогобицький район;Стрийський район
С140651,Іванусі-Дячки,Іванусі – Дячки,1.9,Львівський район
С141313,Сушно-Тоболів-Новий Витків,Сушно – Тоболів – Новий Витків,10.0,Червоноградський район
С140704,Глиняни-Перегноїв-Словіта,Глиняни – Перегноїв – Словіта,9.2,Львівський район
С141120,Мазурі-Подусільна,Мазурі – Подусільна,2.4,Львівський район
С140659,Долина-Заглина,Долина – Заглина,3.3,Львівський район
С141264,Львів-Зубра,Львів – Зубра,2.7,Львівський район
С141003,Мостиська-Дидятичі,Мостиська – Дидятичі,14.8,Яворівський район
С140643,Замочок-Діброва,Замочок – Діброва,1.1,Львівський район
С141040,Пісок-Хоросниця-Мистичі,Пісок – Хоросниця – Мистичі,13.7,Яворівський район
С141526,(Нижнє Синьовидне-Кам'янка)-Побук,С141510 – Побук,2.4,Стрийський район
С141656,Лучиці-Ганівка,Лучиці – Ганівка,2.4,Червоноградський район
С141444,(Никловичі-Задністряни)-Чайковичі,С141405 – Чайковичі,1.8,Самбірський район
С140840,Зубів Міст-Батятичі,Зубів Міст – Батятичі,1.2,Львівський район
С140927,Красів-Поляна,Красів – Поляна,15.3,Стрийський район
С140645,(Ковель-Жовква)-Оплітна,Р-15 – Оплітна,1.1,Львівський район
С141939,Нижня Яблунька-Заребро,Нижня Яблунька – Заребро,1.2,Самбірський район
С140419,Локоть-(Турка-Східниця),Локоть – О141902,1.7,Дрогобицький район
С140427,Опори-Летня,Опори – Летня,0.8,Дрогобицький район
С141904,Турка-Ільник,Турка – Ільник,13.7,Самбірський район
С141410,Нагірне-Звір,Нагірне – Звір,16.8,Самбірський район
С141312,Адамівка-Завидче,Адамівка – Завидче,12.5,Червоноградський район
С141452,Глибоч-Трояни,Глибоч – Трояни,1.2,Самбірський район
С141401,Рогізно-Бірчиці,Рогізно – Бірчиці,17.8,Самбірський район
С142045,Добростани-Кертинів,Добростани – Кертинів,1.9,Яворівський район
С140440,(Нижанковичі-Стрий)-Раневичі,Т-14-18 – Раневичі,3.4,Дрогобицький район
С140604,Туринка-Батятичі,Туринка – Батятичі,14.1,Львівський район;Львівський район
С140540,Которини-(Галич-Старе Село),Которини – С140513,1.1,Стрийський район
С140311,Піддолини-Ясенів-Нове Село,Піддолини – Ясенів – Нове Село,4.1,Львівський район
С141657,Тартаків-Копитів,Тартаків – Копитів,2.2,Червоноградський район
С140662,(Львів-Рава-Руська)-станція Лавриків,М-09 – станція Лавриків,0.7,Львівський район
С141131,Кимир-Неділиська,Кимир – Неділиська,4.0,Львівський район
С141025,Закостілля-Липники,Закостілля – Липники,2.3,Яворівський район
С140930,Стільсько-Ілів,Стільсько – Ілів,4.4,Стрийський район
С141759,(Львів-Ужгород)-Спас,Н-13 – Спас,0.9,Самбірський район
С140334,(Дрогобич-Комарно)-Поляна,О140403 – Поляна,2.2,Львівський район
С141010,Мостиська Другі-(Львів-Шегині),Мостиська Другі – М-11,3.2,Яворівський район
С141935,Біньова-Сянки,Біньова – Сянки,3.0,Самбірський район
С140618,Двірці-Туринка,Двірці – Туринка,3.7,Львівський район
С142005,Шкло-Новояворівськ,Шкло – Новояворівськ,4.2,Яворівський район
С141726,Катина-Старява,Катина – Старява,8.0,Самбірський район
С141608,Спасів-Смиків-Княже,Спасів – Смиків – Княже,14.2,Червоноградський район
О140406,Східниця-Верхнє Синьовидне,Східниця – Верхнє Синьовидне,24.2,Дрогобицький район;Стрийський район
С140679,Туринка-Руда,Туринка – Руда,1.2,Львівський район
С141521,Мита-Сухий Потік,Мита – Сухий Потік,2.5,Стрийський район
С141617,(Броди-Червоноград)-Волсвин,Т-14-10 – Волсвин,4.8,Червоноградський район
С140402,Винники-Ступниця,Винники – Ступниця,4.0,Дрогобицький район
С142015,Липники-(Воля-Любинська-Бунів),Липники – С142016,2.4,Яворівський район
С141933,Нижній Турів-Соколики-(Львів-Ужгород),Нижній Турів – Соколики – Н-13,2.5,Самбірський район
С140508,Бережниця-Журавків,Бережниця – Журавків,0.9,Стрийський район
С141703,Старий Самбір-Кобло,Старий Самбір – Кобло,9.0,Самбірський район
С141442,Вербівка-Бісковичі,Вербівка – Бісковичі,10.9,Самбірський район
С140225,Янгелівка-Ожидів,Янгелівка – Ожидів,5.1,Золочівський район
С141327,Оглядів-Гута-Скляна,Оглядів – Гута – Скляна,5.6,Червоноградський район
С141250,(Давидів-Товщів-Бібрка)-Черепин,С141212 – Черепин,2.0,Львівський район
С140547,Вибранівка-Отиневичі,Вибранівка – Отиневичі,17.7,Стрийський район
С140910,Колодруби-Мала Горожанка,Колодруби – Мала Горожанка,4.8,Стрийський район
С140829,Тишиця-Старий Добротвір,Тишиця – Старий Добротвір,4.2,Червоноградський район
С141436,Вощанці-Острів,Вощанці – Острів,10.0,Самбірський район
С140119,Конюшків-Берлин,Конюшків – Берлин,5.3,Золочівський район
С142050,Грушів-(Грушів-Немирів),Грушів – Т-14-03,3.2,Яворівський район
С141117,Лани-Гончарів,Лани – Гончарів,1.8,Львівський район
С141232,Журавники-Тарасівка,Журавники – Тарасівка,8.4,Львівський район
С140114,(Київ-Чоп)-Дітківці,М-06 – Дітківці,1.7,Золочівський район
О141604,Червоноград-Перетоки,Червоноград – Перетоки,27.7,Червоноградський район
С140437,Вороблевичі-Рихтичі,Вороблевичі – Рихтичі,12.1,Дрогобицький район
С142026,Шкло-Стадники,Шкло – Стадники,3.0,Яворівський район
С141319,Барилів-(Синьків-Стремільче),Барилів – С141309,3.7,Червоноградський район
О141002,Нагірне-Добромиль,Нагірне – Добромиль,42.1,Самбірський район;Яворівський район
С141033,Зав'язанці-Костильники,Зав'язанці – Костильники,3.5,Яворівський район
С141938,Міжгір'я-Буковинка,Міжгір'я – Буковинка,5.2,Самбірський район
С140743,Стінка-Гологірки,Стінка – Гологірки,2.4,Золочівський район
С141211,Старе Село-Коцурів-Затемне,Старе Село – Коцурів – Затемне,24.8,Львівський район
С140133,Гримайлівка-Комарівка-Лешнів,Гримайлівка – Комарівка – Лешнів,20.1,Золочівський район
С141035,Малі Мокряни-Макунів-Берці,Малі Мокряни – Макунів – Берці,6.1,Яворівський район
С141438,Вістовичі-(Львів-Ужгород),Вістовичі – Н-13,2.4,Самбірський район
С141308,Радехів-Станин-Павлів,Радехів – Станин – Павлів,14.4,Червоноградський район
С141834,Лани Соколівські-Малі Дідушичі,Лани Соколівські – Малі Дідушичі,5.0,Стрийський район
С141930,Ясениця-Ясенка-Стецьова,Ясениця – Ясенка – Стецьова,5.0,Самбірський район
С141652,Бутини-Шишаки,Бутини – Шишаки,1.2,Червоноградський район
С140141,Висоцьке-Гаї,Висоцьке – Гаї,20.3,Золочівський район
С140120,(Броди-Червоноград)-Мідне,Т-14-10 – Мідне,2.9,Золочівський район
С140504,Жидачів-Рогізно-Бережниця,Жидачів – Рогізно – Бережниця,7.8,Стрийський район
С141423,(Страшевичі-Задністря)-Чуква,С141751 – Чуква,2.9,Самбірський район
С140916,Київець-Більче-Волиця,Київець – Більче – Волиця,8.5,Стрийський район
С140242,Дунів-Кудир'явці,Дунів – Кудир'явці,1.0,Золочівський район
С140306,Городок-Зелений Гай,Городок – Зелений Гай,23.5,Львівський район
С141316,Сабанівка-Тетевчиці,Сабанівка – Тетевчиці,4.0,Червоноградський район
С141612,Варяж-Белз,Варяж – Белз,14.6,Червоноградський район
С140148,Дубина-Тріщуки,Дубина – Тріщуки,1.3,Золочівський район
С141114,Мерещів-Малий Полюхів,Мерещів – Малий Полюхів,9.5,Львівський район
С140109,Глушин-(Київ-Чоп),Глушин – М-06,2.0,Золочівський район
С141623,Перемисловичі-Цеблів,Перемисловичі – Цеблів,1.6,Червоноградський район
С140316,Лісновичі-Речичани,Лісновичі – Речичани,4.5,Львівський район
С141015,Малнів-Піхи-Мартини-Малнів,Малнів – Піхи – Мартини – Малнів,12.9,Яворівський район
С140410,Летня-Коросниця,Летня – Коросниця,1.4,Дрогобицький район
С140318,Бар-Коців,Бар – Коців,7.0,Львівський район
О140401,Дрогобич-Довголука,Дрогобич – Довголука,19.6,Дрогобицький район;Стрийський район
С141012,Шегині-Циків,Шегині – Циків,15.8,Яворівський район
С140801,Кам'янка-Бузька-Руда-Сілецька,Кам'янка – Бузька – Руда – Сілецька,9.8,Львівський район
С142018,Липовець-Дрогомишль,Липовець – Дрогомишль,3.5,Яворівський район
С140147,Комарівка-Антося,Комарівка – Антося,0.9,Золочівський район
С140105,Лучківці-Дуб'є-Дубина,Лучківці – Дуб'є – Дубина,7.7,Золочівський район
С140320,(Львів-Шегині)-Шанова-Керпин,М-11 – Шанова – Керпин,5.8,Львівський район
О141102,Перемишляни-Чемеринці-Плугів,Перемишляни – Чемеринці – Плугів,46.9,Золочівський район;Львівський район
С141914,(Львів-Ужгород)-Розлуч,Н-13 – Розлуч,1.2,Самбірський район
С141014,Хідновичі-Боратичі,Хідновичі – Боратичі,3.3,Яворівський район
С140145,Паликорови-Кутище-Яснище,Паликорови – Кутище – Яснище,9.4,Золочівський район
С140209,(Буськ-Вузлове)-Тур'я,О140203 – Тур'я,17.2,Золочівський район
С141206,Пустомити-Семенівка,Пустомити – Семенівка,7.9,Львівський район
С140537,Старе Село-Тернавка,Старе Село – Тернавка,7.0,Стрийський район
С141301,Радехів-Ганунин,Радехів – Ганунин,1.4,Червоноградський район
С140434,Добрівляни-Ролів,Добрівляни – Ролів,6.9,Дрогобицький район
С140425,Лужок-(Нижанковичі-Стрий),Лужок – Т-14-18,3.6,Дрогобицький район
С140138,Пониква-Шишківці-Батьків,Пониква – Шишківці – Батьків,25.6,Золочівський район
С140621,Зіболки-Артасів,Зіболки – Артасів,4.9,Львівський район
С140842,Нова Лодина-Соколів,Нова Лодина – Соколів,7.8,Львівський район
С140532,Лапшин-(Голешів-Луковець),Лапшин – С140529,1.0,Стрийський район
С140236,Лабач-Соколівка,Лабач – Соколівка,0.8,Золочівський район
С141802,Голобутів-Завадів-Нежухів,Голобутів – Завадів – Нежухів,6.8,Стрийський район
С141761,Тиха-Мшанець,Тиха – Мшанець,8.9,Самбірський район
С141922,(Турка-Східниця)-Стоділка,О141902 – Стоділка,0.6,Самбірський район
С140243,Бажани-Тур'я,Бажани – Тур'я,1.3,Золочівський район
С141227,Ставчани-Щирець,Ставчани – Щирець,18.8,Львівський район
С140648,Великі Передримихи-Артасів,Великі Передримихи – Артасів,5.2,Львівський район
С141508,Тухля-Либохора,Тухля – Либохора,7.0,Стрийський район
С140107,Пониковиця-Косарщина,Пониковиця – Косарщина,2.6,Золочівський район
С141530,(Київ-Чоп)-Долинівка,М-06 – Долинівка,1.5,Стрийський район
С141324,Раковище-Вузлове,Раковище – Вузлове,6.5,Червоноградський район
С141507,Хітар-Тухля,Хітар – Тухля,25.1,Стрийський район
С141740,Тершів-Сушиця,Тершів – Сушиця,4.5,Самбірський район
С142006,Вербляни-Руда-Краковецька,Вербляни – Руда – Краковецька,27.0,Яворівський район
С141503,(Київ-Чоп)-Сколе,М-06 – Сколе,3.5,Стрийський район
С141644,Вербове-Жужеляни,Вербове – Жужеляни,5.5,Червоноградський район
С140811,Колоденці-Старий Яричів,Колоденці – Старий Яричів,12.0,Львівський район
С140642,Мокротин-Журі,Мокротин – Журі,3.7,Львівський район
С141255,Старе Село-Будьків,Старе Село – Будьків,3.1,Львівський район
С141633,Музей Лопатіна-Скоморохи,Музей Лопатіна – Скоморохи,0.5,Червоноградський район
С140613,Грядка-Городжів,Грядка – Городжів,16.2,Львівський район
С140708,Червоне-Княже-Ясенівці,Червоне – Княже – Ясенівці,7.7,Золочівський район
С142047,Мельники-Колодки,Мельники – Колодки,1.5,Яворівський район
С141446,(Дроздовичі-Міженець-Бісковичі)-Заріччя,С141711 – Заріччя,3.6,Самбірський район
С140524,Кам'яне-Буковина,Кам'яне – Буковина,10.9,Стрийський район
С141005,Крисовичі-Липники,Крисовичі – Липники,5.0,Яворівський район
С140685,(Львів-Рава-Руська)-Жовква,М-09 – Жовква,1.6,Львівський район
С141718,Болозів-Вовча,Болозів – Вовча,3.2,Самбірський район
С140646,Малі Грибовичі-Великі Грибовичі,Малі Грибовичі – Великі Грибовичі,6.3,Львівський район
С141434,Велика Білина-Велика Хвороща,Велика Білина – Велика Хвороща,2.7,Самбірський район
С141013,Крисовичі-Княгиничі,Крисовичі – Княгиничі,22.0,Яворівський район
С141266,Жирівка-Зубра-(Київ-Чоп),Жирівка – Зубра – М-06,2.3,Львівський район
С140744,(Львів-Тернопіль)-Печенія,Н-02 – Печенія,1.0,Львівський район
С140407,Зимівки-Уличне,Зимівки – Уличне,8.0,Дрогобицький район
С141905,Турка-(Львів-Ужгород),Турка – Н-13,6.6,Самбірський район
С140841,Желдець-Високофедорівка,Желдець – Високофедорівка,2.5,Львівський район
С141332,Торки-Ордів,Торки – Ордів,7.9,Червоноградський район
С140430,Трускавець-Стебник,Трускавець – Стебник,1.4,Дрогобицький район
С141204,Львів-Сокільники,Львів – Сокільники,3.5,Львівський район
С140721,Гологори-Майдан-Гологірський,Гологори – Майдан – Гологірський,5.4,Золочівський район
С141020,(Нагірне-Добромиль)-Храптичі,О141002 – Храптичі,1.3,Яворівський район
С140631,Синьковичі-Кушти,Синьковичі – Кушти,1.5,Львівський район
С141235,Острів-Чижиків,Острів – Чижиків,2.3,Львівський район
О141602,Сокаль-Стоянів,Сокаль – Стоянів,38.3,Червоноградський район
С141903,Нижнє Висоцьке-Карпатське,Нижнє Висоцьке – Карпатське,15.3,Самбірський район
С140134,Лукавець-Маркопіль,Лукавець – Маркопіль,10.8,Золочівський район
С140903,Миколаїв-Хоросно,Миколаїв – Хоросно,13.1,Стрийський район
С141839,Олексичі-Лотатники,Олексичі – Лотатники,4.5,Стрийський район
С142011,Підлуби-Молошковичі,Підлуби – Молошковичі,6.0,Яворівський район
С140420,Котовань-Ступниця,Котовань – Ступниця,3.5,Дрогобицький район
С141230,(Київ-Чоп)-Гамаліївка,М-06 – Гамаліївка,1.2,Львівський район
С141655,(Сокаль-Червоноград)-Жвирка,О141607 – Жвирка,1.2,Червоноградський район
С141621,Заболоття-(Червоноград-Рава-Руська),Заболоття – Р-15,1.9,Червоноградський район
С141707,Скелівка-Надиби,Скелівка – Надиби,10.5,Самбірський район
С141435,Подільці-Задністряни-Сусолів,Подільці – Задністряни – Сусолів,7.9,Самбірський район
С141246,Дібрівки-Ставчани,Дібрівки – Ставчани,1.6,Львівський район
С141622,Низи-(Белз-Великі Мости),Низи – О141605,2.5,Червоноградський район
С140218,Полоничі-Богданівка,Полоничі – Богданівка,4.7,Золочівський район
С140305,Городок-Угри,Городок – Угри,6.7,Львівський район
С141454,Лукавиця-Лопушно,Лукавиця – Лопушно,3.1,Самбірський район
С141115,Вільховець-Гута,Вільховець – Гута,7.4,Львівський район
С141757,Морозовичі-(Львів-Ужгород),Морозовичі – Н-13,0.5,Самбірський район
С141620,Заставне-(Червоноград-Рава-Руська),Заставне – Р-15,1.1,Червоноградський район
С140546,Березина-Ходорківці,Березина – Ходорківці,12.8,Львівський район;Стрийський район
С141205,Пустомити-Поршна,Пустомити – Поршна,4.0,Львівський район
С141104,Перемишляни-Чуперносів-Ушковичі,Перемишляни – Чуперносів – Ушковичі,3.5,Львівський район
С141522,Сопіт-Підгородці,Сопіт – Підгородці,4.9,Стрийський район
С140337,Попелі-Градівка,Попелі – Градівка,10.5,Львівський район
С140206,Красне-Чемеринці,Красне – Чемеринці,33.5,Золочівський район;Львівський район
С140684,(Немирів-Добросин)-станція Добросин,С142009 – станція Добросин,2.0,Львівський район
С140111,(Київ-Чоп)-Гаї-Суходільські,М-06 – Гаї – Суходільські,1.5,Золочівський район
С140934,(Тростянець-Стільсько-Розділ)-Велика Воля,С140909 – Велика Воля,2.2,Стрийський район
О141407,Калинів-Дубляни-Волоща,Калинів – Дубляни – Волоща,28.7,Дрогобицький район;Самбірський район
С140520,Бориниці-Дроховичі,Бориниці – Дроховичі,3.2,Стрийський район
С140319,Вовчухи-Долиняни,Вовчухи – Долиняни,3.2,Львівський район
С140323,Коропуж-Романівка,Коропуж – Романівка,5.1,Львівський район
С141654,Реклинець-Стремінь,Реклинець – Стремінь,3.0,Червоноградський район
С141609,Іваничі-Перетоки,Іваничі – Перетоки,3.2,Червоноградський район
С141340,Старий Майдан-(Пустельники-Нивиці),Старий Майдан – С141328,1.2,Червоноградський район
С140501,Дем'янка-Лісна-Іванівці,Дем'янка – Лісна – Іванівці,5.3,Стрийський район
С141926,Головське-Лімна,Головське – Лімна,1.0,Самбірський район
С141614,(Варяж-Белз)-Себечів-Муроване,С141612 – Себечів – Муроване,8.6,Червоноградський район
С140640,Добросин-Кочмарі,Добросин – Кочмарі,0.7,Львівський район
С141942,Буковинка-Дівче,Буковинка – Дівче,2.4,Самбірський район
С140422,Воля-Якубова-Залужани,Воля – Якубова – Залужани,3.7,Дрогобицький район
С141819,Конюхів-Гірне,Конюхів – Гірне,5.6,Стрийський район
С140917,Липиці-Колодруби,Липиці – Колодруби,1.7,Стрийський район
С140749,(Гологори-Майдан-Гологірський)-Кіндратів,С140721 – Кіндратів,1.2,Золочівський район
С141402,Садковичі-Чернихів,Садковичі – Чернихів,18.7,Самбірський район
С141135,Великі Глібовичі-Вибранівка,Великі Глібовичі – Вибранівка,6.7,Львівський район
С141628,Великі Мости-Борове,Великі Мости – Борове,4.2,Червоноградський район
С141049,Хатки-(Крисовичі-Княгиничі),Хатки – С141013,1.0,Яворівський район
С140239,(Київ-Чоп)-Старий Милятин,М-06 – Старий Милятин,1.9,Золочівський район
С140602,Думичі-Панчишини,Думичі – Панчишини,11.3,Львівський район
С141144,Свірж-Задубина,Свірж – Задубина,1.4,Львівський район
С140505,Заболотівці-Бортники,Заболотівці – Бортники,11.9,Стрийський район
С141729,Терло-Максимівка,Терло – Максимівка,4.1,Самбірський район
С140606,Нова Кам'янка-Бишків,Нова Кам'янка – Бишків,5.4,Львівський район
С140817,Вихопні-Колоденці,Вихопні – Колоденці,3.9,Львівський район
С141259,Милошевичі-Береги-Хоросно,Милошевичі – Береги – Хоросно,5.6,Львівський район
С141944,Нижня Яблунька-Турка,Нижня Яблунька – Турка,5.7,Самбірський район
О140901,Розділ-Жирова,Розділ – Жирова,20.1,Стрийський район
С141735,Грушатичі-Дешичі,Грушатичі – Дешичі,5.3,Самбірський район
С141636,Тудорковичі-Войславичі,Тудорковичі – Войславичі,4.3,Червоноградський район
С141419,Самбір-(Мостиська-Борислав),Самбір – Т-14-15,0.7,Самбірський район
С141051,Вовчищовичі-Мала Діброва,Вовчищовичі – Мала Діброва,5.2,Яворівський район
С141414,Звір-Лукавиця,Звір – Лукавиця,10.1,Самбірський район
С140245,Йосипівка-Хватів,Йосипівка – Хватів,6.7,Золочівський район
С141520,(Климець-Лавочне-Тухолька)-Жупани,С141506 – Жупани,2.6,Стрийський район
С141639,Гатківка-Савчин,Гатківка – Савчин,8.1,Червоноградський район
С141823,Лисятичі-Кути,Лисятичі – Кути,2.9,Стрийський район
С141702,Терло-Стрільбичі,Терло – Стрільбичі,26.2,Самбірський район
С140660,Липник-Луцики,Липник – Луцики,0.1,Львівський район
С141037,(Судова Вишня-Комарно)-Кути,О141001 – Кути,1.6,Яворівський район
С141601,Угнів-Домашів,Угнів – Домашів,8.1,Червоноградський район
С140549,Демидів-Добрівляни,Демидів – Добрівляни,2.1,Стрийський район
С141755,Поляна-Сливниця,Поляна – Сливниця,2.6,Самбірський район
С141208,Пустомити-Оброшине,Пустомити – Оброшине,5.3,Львівський район
С140637,Козулька-Крехів,Козулька – Крехів,1.7,Львівський район
С140217,Сторонибаби-Красне,Сторонибаби – Красне,1.0,Золочівський район
С142044,Солуки-Паланки,Солуки – Паланки,1.4,Яворівський район
С141244,Гаї-Підсоснів,Гаї – Підсоснів,6.5,Львівський район
С141258,Милошевичі-Хоросно,Милошевичі – Хоросно,3.5,Львівський район
С141420,(Львів-Ужгород)-Ваньовичі,Н-13 – Ваньовичі,4.9,Самбірський район
С140677,Збиранка-Голоско,Збиранка – Голоско,1.4,Львівський район
С141203,Львів-Сухоріччя,Львів – Сухоріччя,16.7,Львівський район
С140331,Великий Любінь-Комарно,Великий Любінь – Комарно,13.6,Львівський район
С140235,Сокіл-Соколівка,Сокіл – Соколівка,3.2,Золочівський район
С141403,Мала Білина-Озерне,Мала Білина – Озерне,7.3,Самбірський район
С141036,Дмитровичі-Заріччя,Дмитровичі – Заріччя,2.0,Яворівський район
С140115,Суховоля-Бучина,Суховоля – Бучина,5.8,Золочівський район
С141809,Слобідка-Журавне,Слобідка – Журавне,37.0,Стрийський район
С140103,Броди-Лагодів,Броди – Лагодів,8.7,Золочівський район
С142008,Дрогомишль-Свидниця,Дрогомишль – Свидниця,5.3,Яворівський район
С140661,Боянець-Верени,Боянець – Верени,5.6,Червоноградський район
С140104,Броди-Бовдури,Броди – Бовдури,12.7,Золочівський район
С140624,Кам'яна Гора-(Рава-Руська-Магерів),Кам'яна Гора – С140614,2.0,Львівський район
С141918,Штуковець-Яблунів,Штуковець – Яблунів,2.3,Самбірський район
С141038,Малнів-Загорби,Малнів – Загорби,2.9,Яворівський район
С140121,Ковпин-Ставок-Пониковиця,Ковпин – Ставок – Пониковиця,2.2,Золочівський район
С140754,Хильчиці-Комбікормовий завод,Хильчиці – Комбікормовий завод,0.3,Золочівський район
С141315,Павлів-Вузлове,Павлів – Вузлове,4.3,Червоноградський район
С140108,Білявці-(Броди-Сморжів),Білявці – О140101,1.7,Золочівський район
С141756,Чаплі-Райнова,Чаплі – Райнова,3.9,Самбірський район
С141129,Виписки-Ладанці,Виписки – Ладанці,4.0,Львівський район
С141007,Великі Мокряни-Купновичі,Великі Мокряни – Купновичі,0.7,Яворівський район
С140734,Підлипці-Кам'янисте,Підлипці – Кам'янисте,2.3,Золочівський район
С140935,(Львів-Меденичі)-Гірське-Криниця,Т-14-16 – Гірське – Криниця,8.1,Стрийський район
С141742,Бачина-Морозовичі,Бачина – Морозовичі,5.4,Самбірський район
С140666,(Немирів-Добросин)-Бірки,С142009 – Бірки,1.8,Львівський район
С140336,Тучапи-Родатичі,Тучапи – Родатичі,5.2,Львівський район
С141838,Баня-Лисовицька-Лисовичі,Баня – Лисовицька – Лисовичі,4.6,Стрийський район
С141127,Підмонастир-Волощина,Підмонастир – Волощина,4.8,Львівський район
С140517,Закривець-Трибоківці,Закривець – Трибоківці,4.0,Львівський район
С141202,Рудно-Західний обхід м.Львова,Рудно – Західний обхід м.Львова,0.5,Львівський район
С140541,Монастирець-Протеси,Монастирець – Протеси,9.6,Стрийський район
С141524,Зимівки-Орів,Зимівки – Орів,4.8,Дрогобицький район
С141113,Вовків-Білка,Вовків – Білка,4.0,Львівський район
С141214,Щирець-Красів,Щирець – Красів,10.7,Львівський район;Стрийський район
С141052,Гусаків-Радохинці,Гусаків – Радохинці,7.2,Яворівський район
С140301,Яремків-Вишня,Яремків – Вишня,3.6,Самбірський район
С142040,Великі Гори-Буда,Великі Гори – Буда,2.6,Яворівський район
С140833,Мазарня-Каранська -Незнанів,Мазарня – Каранська – Незнанів,2.3,Червоноградський район
С141201,Яструбків-Щирець,Яструбків – Щирець,6.4,Львівський район
С141630,Борятин-Добрячин,Борятин – Добрячин,4.4,Червоноградський район
С142043,(Львів-Краковець)-Солуки,М-10 – Солуки,0.8,Яворівський район
С141714,Тершів-Лаврів-Грозьова,Тершів – Лаврів – Грозьова,24.0,Самбірський район
С140140,Шишківці-Вербівчик,Шишківці – Вербівчик,8.5,Золочівський район
С140326,Бартатів-Кушнері,Бартатів – Кушнері,2.1,Львівський район
С141837,Семигинів-Смоляний,Семигинів – Смоляний,9.0,Стрийський район
С140636,Цитуля-Руда-Крехівська,Цитуля – Руда – Крехівська,2.2,Львівський район
С140735,Руда-Кам'янисте,Руда – Кам'янисте,1.7,Золочівський район
С140920,Коросниця-Більче,Коросниця – Більче,1.0,Стрийський район
С140443,(Трускавець-Стебник)-Станиля,С140430 – Станиля,1.8,Дрогобицький район
С141911,Сянки-(Львів-Ужгород),Сянки – Н-13,1.3,Самбірський район
С140742,(Львів-Тернопіль)-Новосілки,Н-02 – Новосілки,1.3,Золочівський район
С140408,Волоща-Зади,Волоща – Зади,1.0,Дрогобицький район
С140403,Дрогобич-Снятинка,Дрогобич – Снятинка,1.9,Дрогобицький район
С141234,Скнилів-Басівка,Скнилів – Басівка,4.6,Львівський район
С141618,Тяглів-Домашів-Діброва,Тяглів – Домашів – Діброва,13.5,Червоноградський район
С140919,Загір'я-Суха Долина (Київ-Чоп),Загір'я – Суха Долина – М-06,9.9,Стрийський район
О140701,Золочів-Красне,Золочів – Красне,23.0,Золочівський район
С140317,Кам'янобрід-Будзин,Кам'янобрід – Будзин,5.1,Львівський район
С141902,Нижнє Висоцьке-Багнувате,Нижнє Висоцьке – Багнувате,11.9,Самбірський район
С141812,Підгірці-Загірне,Підгірці – Загірне,4.9,Стрийський район
С141108,Унів-(Рівне-Перемишляни),Унів – Т-18-06,2.7,Львівський район
С141512,Завадка-Орява,Завадка – Орява,16.6,Стрийський район
О141803,Стрий-Журавне,Стрий – Журавне,33.5,Стрийський район
С142017,Любині-Роси,Любині – Роси,1.8,Яворівський район
С141334,(Броди-Червоноград)-Радванці,Т-14-10 – Радванці,2.2,Червоноградський район
С140512,Мельнич-Тартак,Мельнич – Тартак,1.9,Стрийський район
С140202,Гутисько-Тур'янське-Почапи,Гутисько – Тур'янське – Почапи,31.3,Золочівський район
С140518,Старі Стрілища-Нові Стрілища,Старі Стрілища – Нові Стрілища,3.0,Львівський район
С141445,Калинів-Кружики,Калинів – Кружики,3.3,Самбірський район
С140629,Монастирок-(Рава-Руська-Магерів),Монастирок – С140614,3.0,Львівський район
С141044,Вуйковичі-Завадів,Вуйковичі – Завадів,1.7,Яворівський район
С141506,Климець-Лавочне-Тухолька,Климець – Лавочне – Тухолька,36.6,Стрийський район
С141226,Ставчани-станція Ставчани,Ставчани – станція Ставчани,1.3,Львівський район
С140416,Почаєвичі-(Нижанковичі-Стрий),Почаєвичі – Т-14-18,1.0,Дрогобицький район
С142033,Лозино-Бірки,Лозино – Бірки,9.5,Яворівський район
С141431,Канафости-Вощанці,Канафости – Вощанці,0.9,Самбірський район
С140676,Нове Село-Кошелів,Нове Село – Кошелів,2.5,Львівський район
С141627,Ниновичі-Хоробрів,Ниновичі – Хоробрів,3.1,Червоноградський район
С140543,Дев'ятники-Кнісело,Дев'ятники – Кнісело,10.8,Львівський район;Стрийський район
С140663,(Ковель-Жовква)-Сарнівка,Р-15 – Сарнівка,2.0,Львівський район
С142003,Яворів-(Рава-Руська-Судова Вишня),Яворів – Р-40,4.3,Яворівський район
С140439,(Нижанковичі-Стрий)-Нижні Гаї,Т-14-18 – Нижні Гаї,5.8,Дрогобицький район
С141710,Тур'є-Ісаї,Тур'є – Ісаї,7.8,Самбірський район
С141906,Турка-Шум'яч,Турка – Шум'яч,1.6,Самбірський район
С140940,Пісочна-Держів,Пісочна – Держів,5.0,Стрийський район
С141055,(Воля-Садківська-Малі Мокряни)-Великі Мокряни,С141004 – Великі Мокряни,0.6,Яворівський район
О140504,Нові Стрілища-Ходорів,Нові Стрілища – Ходорів,14.8,Стрийський район
С141304,Радехів-Синьків-Немилів,Радехів – Синьків – Немилів,16.2,Червоноградський район
С140737,Гавареччина-Білий Камінь,Гавареччина – Білий Камінь,3.9,Золочівський район
С141765,Дністрик-Лімна,Дністрик – Лімна,2.0,Самбірський район
С141709,Нове Місто-Стара Сіль,Нове Місто – Стара Сіль,14.8,Самбірський район
С140724,(Гутисько-Тур'янське-Почапи)-Білий Камінь,С140202 – Білий Камінь,0.4,Золочівський район
С140426,Ступниця-Лішня,Ступниця – Лішня,13.4,Дрогобицький район
С140931,Велика Горожанка-Новосілки-Опарські,Велика Горожанка – Новосілки – Опарські,6.7,Стрийський район
С140605,Куликів-Великосілки,Куликів – Великосілки,25.0,Львівський район;Львівський район
С141407,Містковичі-Бабино,Містковичі – Бабино,10.7,Самбірський район
С141306,Радехів-Нивиці,Радехів – Нивиці,16.3,Червоноградський район
С141502,Тухолька-Климець,Тухолька – Климець,15.6,Стрийський район
С141233,(Львів-Тернопіль)-Підберізці,Н-02 – Підберізці,2.0,Львівський район
С141050,(Нагірне-Добромиль)-Толуковичі,О141002 – Толуковичі,2.0,Яворівський район
С141215,Наварія-Милятичі,Наварія – Милятичі,15.1,Львівський район
С141209,Оброшине-Наварія,Оброшине – Наварія,7.3,Львівський район
С141024,(Мостиська-Борислав)-Буховичі,Т-14-15 – Буховичі,0.8,Яворівський район
С141126,Копань-Свірж,Копань – Свірж,4.4,Львівський район
С142009,"Немирів-Добросин,",Немирів – Добросин,30.8,Львівський район;Яворівський район
С140232,Стовпин-(Чаниж-Переволочна),Стовпин – С140233,4.0,Золочівський район
С141747,Пацьковичі-Нижанковичі-Дроздовичі,Пацьковичі – Нижанковичі – Дроздовичі,1.6,Самбірський район
С141764,Головецько-Смерічка,Головецько – Смерічка,7.7,Самбірський район
С141706,Велика Сушиця-Стрільбичі,Велика Сушиця – Стрільбичі,6.6,Самбірський район
С140303,Жбадин-Тучапи,Жбадин – Тучапи,1.2,Львівський район
С140513,Галич-Старе Село,Галич – Старе Село,8.6,Стрийський район
С141818,Стрілків-Дідушичі,Стрілків – Дідушичі,11.8,Стрийський район
С140822,Дідилів-Убині,Дідилів – Убині,1.3,Львівський район
С141929,(Турка-Східниця)-Заріка,О141902 – Заріка,0.6,Самбірський район
С141267,Солонка-Зубра-(Київ-Чоп),Солонка – Зубра – М-06,1.2,Львівський район
С141746,Стороневичі-(Нагірне-Добромиль),Стороневичі – О141002,1.3,Самбірський район
С141057,(Ніговичі-Кропильники)-Солтиси,С141032 – Солтиси,0.9,Яворівський район
С141916,Соколики-(Львів-Ужгород),Соколики – Н-13,7.6,Самбірський район
С140515,Гніздичів-Жирівське,Гніздичів – Жирівське,6.6,Стрийський район
С141314,Стремільче-Сморжів,Стремільче – Сморжів,6.6,Червоноградський район
С140533,Луковець-Новошини,Луковець – Новошини,1.7,Стрийський район
С141440,Боляновичі-Верхівці,Боляновичі – Верхівці,1.9,Самбірський район
С141122,Козубатиця-(Перемишляни-Чемеринці-Плугів),Козубатиця – О141102,2.4,Львівський район
С140552,Вовчатичі-Добрівляни,Вовчатичі – Добрівляни,5.6,Стрийський район
С141519,Урич-Тустань,Урич – Тустань,0.8,Стрийський район
С142010,Старичі-Шкло,Старичі – Шкло,4.9,Яворівський район
С142025,Сопіт-Вороблячин,Сопіт – Вороблячин,7.1,Яворівський район
С140747,Куровичі-Туркотин,Куровичі – Туркотин,3.4,Львівський район
С140503,Жидачів-Сулятичі,Жидачів – Сулятичі,19.4,Стрийський район
С141825,Гайдучина-Дашава,Гайдучина – Дашава,2.1,Стрийський район
С140671,Гори-Зіболки,Гори – Зіболки,2.5,Львівський район
С140808,(Львів-Луцьк)-Полонична,Н-17 – Полонична,11.7,Червоноградський район
С141651,Піддовге-(Рава-Руська-Гайок),Піддовге – О140601,2.7,Червоноградський район
С140831,Тичок-Сілець,Тичок – Сілець,2.3,Червоноградський район
С141449,(Нижанковичі-Стрий)-Дубрівка,Т-14-18 – Дубрівка,2.2,Самбірський район
С140739,Женів-Глиняни,Женів – Глиняни,3.7,Львівський район
С142032,Добростани-Івано-Франкове,Добростани – Івано – Франкове,12.6,Яворівський район
С140716,Поморяни-Розгадів,Поморяни – Розгадів,1.5,Золочівський район
С140545,Кологури-Лучани,Кологури – Лучани,12.7,Львівський район;Стрийський район
С140146,Лукавець-Кругів,Лукавець – Кругів,2.6,Золочівський район
С141011,Шегині -Боляновичі,Шегині – Боляновичі,15.2,Яворівський район
С141123,Хомина-Біле,Хомина – Біле,3.8,Львівський район
С140144,Черниця-(Броди-Тернопіль),Черниця – Р-39,3.0,Золочівський район
С141821,Жулин-Долішнє,Жулин – Долішнє,4.7,Стрийський район
С140655,Борове-Рава-Руська,Борове – Рава – Руська,0.2,Львівський район
С141001,Биків-Крисовичі,Биків – Крисовичі,15.2,Яворівський район
С141704,Мшанець-Стрілки,Мшанець – Стрілки,19.3,Самбірський район
С140809,Зубів Міст-Прибужани,Зубів Міст – Прибужани,1.4,Львівський район
С140912,Ричагів-Мала Горожанка-Вербіж,Ричагів – Мала Горожанка – Вербіж,9.3,Стрийський район
С141625,Угринів-Старгород,Угринів – Старгород,6.0,Червоноградський район
С140906,Пісочна-(Миколаїв-Жидачів-Калуш),Пісочна – Т-14-19,9.0,Стрийський район
С140325,(Кліцко-Підзвіринець-Грімно)-Паланки,С140332 – Паланки,1.0,Львівський район
О141101,Стрілки-Ушковичі,Стрілки – Ушковичі,20.5,Львівський район
С140928,Держів-Тейсарів,Держів – Тейсарів,5.8,Стрийський район;Стрийський район
С141253,Коцурів-Гринів,Коцурів – Гринів,2.8,Львівський район
С141318,Забава-Старий Витків,Забава – Старий Витків,9.2,Червоноградський район
С140722,Бужок-Білий Камінь,Бужок – Білий Камінь,1.6,Золочівський район
С141607,Тартаків-Княже,Тартаків – Княже,13.9,Червоноградський район
С141745,Боратичі-Стороневичі,Боратичі – Стороневичі,0.8,Самбірський район
С140816,Ременів-Руданці,Ременів – Руданці,2.6,Львівський район
С140909,Тростянець-Стільсько-Розділ,Тростянець – Стільсько – Розділ,16.7,Стрийський район
С141134,Стоки-Вілявче,Стоки – Вілявче,3.8,Львівський район
С141736,Конів-Букова,Конів – Букова,4.4,Самбірський район
С141054,(Нагірне-Добромиль)-Гостиславичі,О141002 – Гостиславичі,2.3,Яворівський район
С142037,Краковець-Передвір'я,Краковець – Передвір'я,6.0,Яворівський район
С140214,Стовпин-Гумниська,Стовпин – Гумниська,12.2,Золочівський район
С141637,Нісмичі-Лубнівка,Нісмичі – Лубнівка,3.1,Червоноградський район
С140727,Варшава-Вороняки,Варшава – Вороняки,1.7,Золочівський район
С142035,"Жорниська-Карачинів,",Жорниська – Карачинів,5.5,Яворівський район
С141827,Малі Дідушичі-Зарічне,Малі Дідушичі – Зарічне,5.2,Стрийський район
С140240,Олесько-Циків,Олесько – Циків,3.4,Золочівський район
С140438,Рибник-Довге,Рибник – Довге,4.7,Дрогобицький район
С140608,Завадів-Малий Дорошів,Завадів – Малий Дорошів,9.8,Львівський район
С140612,Боянець-Купичволя,Боянець – Купичволя,7.6,Червоноградський район
С140610,Воля-Гомулецька-Малі Підліски,Воля – Гомулецька – Малі Підліски,11.0,Львівський район
С140719,Золочів-Золочівка,Золочів – Золочівка,0.5,Золочівський район
С140725,Черемошня-Ушня,Черемошня – Ушня,8.6,Золочівський район
С140826,Сілець-Бараташі,Сілець – Бараташі,1.5,Червоноградський район
С142019,Колониці-Завадів,Колониці – Завадів,6.8,Яворівський район
С141640,Лещатів-Залижня,Лещатів – Залижня,0.9,Червоноградський район
С140918,Підзвіринець-Колодруби,Підзвіринець – Колодруби,4.0,Стрийський район
С140142,Жарків-Голубиця,Жарків – Голубиця,8.0,Золочівський район
С141928,Бережок-Дністрик-Дубовий,Бережок – Дністрик-Дубовий,4.0,Самбірський район
О140302,"Городок-Терновиця,",Городок – Терновиця,21.0,Львівський район;Яворівський район
С140542,Лисків-Корчівка,Лисків – Корчівка,1.7,Стрийський район
С141705,Нижанковичі-Дроздовичі,Нижанковичі – Дроздовичі,5.5,Самбірський район
С140639,Дениси-Сідельники,Дениси – Сідельники,2.0,Львівський район
С141909,Ясениця-Новий Кропивник,Ясениця – Новий Кропивник,16.8,Дрогобицький район;Самбірський район
С140210,Побужани-Яблунівка,Побужани – Яблунівка,2.8,Золочівський район
С141224,Пасіки Зубрицькі-Жирівка,Пасіки Зубрицькі – Жирівка,4.5,Львівський район
С141531,Решітка-Ялинкувате,Решітка – Ялинкувате,12.9,Стрийський район
С140745,(Львів-Тернопіль)-Кобилеччина,Н-02 – Кобилеччина,1.0,Золочівський район
С141908,Боберка-Бориня,Боберка – Бориня,26.8,Самбірський район
С142014,Зарубани-Середкевичі,Зарубани – Середкевичі,2.1,Яворівський район
О140601,Рава-Руська-Гайок,Рава – Руська – Гайок,61.1,Львівський район;Червоноградський район
С140711,Сасів-Кругів,Сасів – Кругів,16.3,Золочівський район
С140932,Трудове-Підлісся,Трудове – Підлісся,5.4,Стрийський район
С142028,Когути-Стені,Когути – Стені,1.2,Яворівський район
С141611,Шарпанці-Тартаків,Шарпанці – Тартаків,20.5,Червоноградський район
С140635,Лавриків-Бокали,Лавриків – Бокали,1.1,Львівський район
С141912,Верхній Турів-Нижнє,Верхній Турів – Нижнє,7.9,Самбірський район
С142016,Воля-Любинська-Бунів,Воля – Любинська – Бунів,6.3,Яворівський район
С140322,Великий Любінь-Піски,Великий Любінь – Піски,5.2,Львівський район
С141733,Горішні Біличі-Біличі,Горішні Біличі – Біличі,4.5,Самбірський район
С141529,Головецько-Пшонець,Головецько – Пшонець,4.1,Стрийський район
С140406,Модричі-(Східниця-Пісочна),Модричі – Т-14-02,1.7,Дрогобицький район
С141722,Созань-Воля,Созань – Воля,6.7,Самбірський район
С141430,Гординя-Залужани,Гординя – Залужани,7.3,Самбірський район
С140678,Мокротин-Відродження,Мокротин – Відродження,1.2,Львівський район
О140103,Ясенів-Золочів,Ясенів – Золочів,19.3,Золочівський район
С141807,Стрий-Дуліби,Стрий – Дуліби,3.4,Стрийський район
С141708,Чижки-Чаплі,Чижки – Чаплі,9.1,Самбірський район
С140321,Мильчиці-Вишня,Мильчиці – Вишня,8.0,Львівський район;Самбірський район
С140212,Чаниж-Переволочна,Чаниж – Переволочна,10.8,Золочівський район
С140304,Городок-Малий Любінь,Городок – Малий Любінь,12.9,Львівський район
С141724,Мала Лінина-Стрілки,Мала Лінина – Стрілки,8.4,Самбірський район
С140201,Брахів-Заболотці,Брахів – Заболотці,16.7,Золочівський район
С141019,Поповичі-Хідновичі,Поповичі – Хідновичі,1.0,Яворівський район
С141925,Івашківці-(Київ-Чоп),Івашківці – М-06,1.4,Самбірський район
С140620,Нова Скварява-Мокротин,Нова Скварява – Мокротин,7.6,Львівський район
С140313,Керниця-Любовичі,Керниця – Любовичі,4.1,Львівський район
О140403,Дрогобич-Комарно,Дрогобич – Комарно,33.4,Дрогобицький район;Львівський район
С141219,Загір'я-Суха Долина-(Київ-Чоп),Загір'я – Суха Долина – М-06,11.8,Львівський район
С141133,Свірж-Глібовичі,Свірж – Глібовичі,3.7,Львівський район
С142046,Ципівки-Новини,Ципівки – Новини,2.5,Яворівський район
С141453,Мала Спринька-(Звір-Лукавиця),Мала Спринька – С141414,1.6,Самбірський район
С141712,Передільниця-Садковичі,Передільниця – Садковичі,26.2,Самбірський район;Самбірський район
С141413,Язи-Максимовичі,Язи – Максимовичі,5.9,Самбірський район
С140675,Надичі-Малі Підліски,Надичі – Малі Підліски,8.3,Львівський район
С140907,(Устя-Розвадів)-станція Миколаїв,С140923 – станція Миколаїв,1.5,Стрийський район
С141260,(Давидів-Товщів-Бібрка)-Селисько,С141212 – Селисько,1.0,Львівський район
С140417,Бійничі-(Нижанковичі-Стрий),Бійничі – Т-14-18,3.1,Дрогобицький район
С140849,(Київ-Чоп)-Великі Підліски,М-06 – Великі Підліски,2.5,Львівський район
С141031,Чижевичі-(Крисовичі-Княгиничі),Чижевичі – С141013,0.8,Яворівський район
С142038,Ставки-Лозина,Ставки – Лозина,5.5,Яворівський район
С140669,(Миколаїв-Бібрка)-Гутка,Т-14-25 – Гутка,0.8,Львівський район
С141830,(Київ-Чоп)-Пукеничі,М-06 – Пукеничі,2.2,Стрийський район
С140732,Сасів-Побіч-з під'їздом до кар'єру,Сасів – Побіч – з під'їздом до кар'єру,5.9,Золочівський район
С142048,Дернаки-(Рава-Руська-Судова Вишня),Дернаки – Р-40,1.1,Яворівський район
С140633,Геруси-Мавдрики,Геруси – Мавдрики,1.3,Львівський район
С141116,Лани-Вілявче,Лани – Вілявче,7.0,Львівський район
С140601,Потелич-Липник-Річки,Потелич – Липник – Річки,28.0,Львівський район
С140649,(Потелич-Липник-Річки)-Забір'я,С140601 – Забір'я,1.6,Львівський район
С141311,Розжалів-Корчин,Розжалів – Корчин,10.0,Червоноградський район
С141803,Добрівляни-Добряни,Добрівляни – Добряни,3.8,Стрийський район
С140125,(Висоцьке-Гаї)-Боратин,С140141 – Боратин,1.5,Золочівський район
С140203,Буськ-Журатин-Безброди,Буськ – Журатин – Безброди,8.9,Золочівський район
С141826,Дашава-Йосиповичі,Дашава – Йосиповичі,2.9,Стрийський район
С141026,Крукеничі-Вишенька,Крукеничі – Вишенька,5.9,Яворівський район
С140340,Комарно-Тулиголове,Комарно – Тулиголове,4.4,Львівський район
С140139,Підкамінь-Чепелі,Підкамінь – Чепелі,13.6,Золочівський район
С141715,Тиха-Лаврів,Тиха – Лаврів,13.4,Самбірський район
С141228,Об'їзд м.Пустомити,Об'їзд м.Пустомити,2.4,Львівський район
С141125,Сивороги-Коросно,Сивороги – Коросно,5.7,Львівський район
О141001,Судова Вишня-Комарно,Судова Вишня – Комарно,40.9,Львівський район;Самбірський район;Яворівський район
С140616,Любеля-Крехів,Любеля – Крехів,18.3,Львівський район
С141945,(Львів-Ужгород)-Яворів,Н-13 – Яворів,1.0,Самбірський район
С141836,Хромогорб-Любинці,Хромогорб – Любинці,2.9,Стрийський район
С140130,Гаї-Дітковецькі-Соколівка,Гаї – Дітковецькі – Соколівка,1.1,Золочівський район
О141605,Белз-Великі Мости,Белз – Великі Мости,17.9,Червоноградський район
С140715,Ремезівці-Бібщани,Ремезівці – Бібщани,12.5,Золочівський район
С140244,Ожидів-Петричі,Ожидів – Петричі,9.9,Золочівський район
С141511,Верхнє Синьовидне-Дубина-Кам'янка,Верхнє Синьовидне – Дубина – Кам'янка,15.4,Стрийський район
С140904,Криниця-Більче-Волиця,Криниця – Більче – Волиця,11.3,Стрийський район
С141638,Свитязі-Равщина,Свитязі – Равщина,3.4,Червоноградський район
С141248,Малечковичі-Нагоряни,Малечковичі – Нагоряни,2.2,Львівський район
С140129,Паньківці-Підкамінь,Паньківці – Підкамінь,3.8,Золочівський район
С141741,(Львів-Ужгород)-Мала Волосянка,Н-13 – Мала Волосянка,0.8,Самбірський район
С140644,Любеля-Соснина,Любеля – Соснина,2.5,Львівський район
С141631,Трудолюбівка-Теляж,Трудолюбівка – Теляж,1.8,Червоноградський район
С140531,Дунаєць-(Стрий-Журавне),Дунаєць – О141803,2.5,Стрийський район
С140110,Гаї-Смоленські-(Київ-Чоп),Гаї – Смоленські – М-06,2.4,Золочівський район
С140234,Маращанка-(Буськ-Соколя),Маращанка – С140205,1.3,Золочівський район
С141924,Ільник-Радич,Ільник – Радич,5.3,Самбірський район
С140843,Спас-Стрептів,Спас – Стрептів,3.1,Львівський район
С141056,Ваньковичі-Кропильники,Ваньковичі – Кропильники,0.6,Яворівський район
С141723,(Тершів-Лаврів-Грозьова)-Велика Лінина,С141714 – Велика Лінина,2.0,Самбірський район
С140922,Листв'яний-(Ричагів-Мала Горожанка-Вербіж),Листв'яний – С140912,2.2,Стрийський район
С141731,Грабівниця-Комаровичі,Грабівниця – Комаровичі,2.4,Самбірський район
С141317,Руденко-Кустин,Руденко – Кустин,5.4,Червоноградський район
С140523,Садки-Вовчатичі,Садки – Вовчатичі,1.6,Стрийський район
С141605,Ільковичі-Копитів,Ільковичі – Копитів,9.9,Червоноградський район
С140823,Горпин-Великосілки,Горпин – Великосілки,5.7,Львівський район
С140673,Дернівка-(Миколаїв-Бібрка),Дернівка – Т-14-25,0.6,Львівський район
С140658,Липник-Помлинів,Липник – Помлинів,2.8,Львівський район
С141932,Головське-Зубриця,Головське – Зубриця,5.9,Дрогобицький район
С140339,Чуловичі-Кліцько,Чуловичі – Кліцько,5.4,Львівський район
С140803,Кам'янка-Бузька-Прибужани,Кам'янка – Бузька – Прибужани,1.0,Львівський район
С141426,Вільшаник-Трояни,Вільшаник – Трояни,4.9,Самбірський район
С140404,Дрогобич-Дережичі,Дрогобич – Дережичі,2.8,Дрогобицький район
С140539,Дубравка- Тернавка,Дубравка – Тернавка,1.2,Стрийський район
С140835,Рожанка-Батятичі,Рожанка – Батятичі,4.7,Львівський район
С141046,Великі Новосілки-Малі Новосілки,Великі Новосілки – Малі Новосілки,1.8,Яворівський район
С142012,Брожки-Мельники,Брожки – Мельники,10.4,Яворівський район
С140933,Мала Воля-Стільсько,Мала Воля – Стільсько,1.7,Стрийський район
С141239,Сокільники-(Львів-Меденичі),Сокільники – Т-14-16,1.0,Львівський район
С141241,(Київ-Чоп)-Раковець,М-06 – Раковець,1.4,Львівський район
С141017,(Львів-Шегині)-Судова Вишня,М-11 – Судова Вишня,7.1,Яворівський район
С141415,Купновичі-Зарайськ,Купновичі – Зарайськ,9.1,Самбірський район
С140807,Дернів-Цеперів,Дернів – Цеперів,13.4,Львівський район
С141251,Поршна-Підсадки,Поршна – Підсадки,4.1,Львівський район
С140521,Городище-Отиневичі,Городище – Отиневичі,3.7,Стрийський район
С140308,Підмогилки-Годвишня,Підмогилки – Годвишня,1.8,Львівський район
С141107,Лоні-Борщів,Лоні – Борщів,10.6,Львівський район
С140502,Заріччя-Межиріччя,Заріччя – Межиріччя,6.0,Стрийський район
С141737,Засадки-Чаплі,Засадки – Чаплі,4.8,Самбірський район
С140554,Подорожнє-Чертіж,Подорожнє – Чертіж,7.1,Стрийський район
С140535,Корнелівка-Сидорівка,Корнелівка – Сидорівка,5.9,Стрийський район
С140233,Бачка-Переволочна,Бачка – Переволочна,2.0,Золочівський район
С140131,Горбалі-Підгір'я,Горбалі – Підгір'я,1.4,Золочівський район
С140628,Підгородне-Шабельня,Підгородне – Шабельня,3.3,Львівський район
С142049,Принада-Середкевичі,Принада – Середкевичі,1.6,Яворівський район
С141136,Глібовичі-Мивсева,Глібовичі – Мивсева,1.9,Львівський район
С140238,Вербляни-(Київ-Чоп),Вербляни – М-06,1.3,Золочівський район
С141256,Диб'янки-Сердиця,Диб'янки – Сердиця,1.0,Львівський район
С141450,(Нижанковичі-Стрий)-Ралівка,Т-14-18 – Ралівка,1.0,Самбірський район
С140682,Кам'яна Гора-Підкам'яна Гора,Кам'яна Гора – Підкам'яна Гора,1.3,Львівський район
С140230,Леньків-Топорів,Леньків – Топорів,3.0,Золочівський район
С140623,Монастирок-Погарисько,Монастирок – Погарисько,3.8,Львівський район
С140614,Рава-Руська-Магерів,Рава – Руська – Магерів,13.1,Львівський район
С141752,Товарна-Конів,Товарна – Конів,2.0,Самбірський район
С141501,Славське-Опорець,Славське – Опорець,15.7,Стрийський район
С140926,Острів-Держів,Острів – Держів,3.4,Стрийський район
С141624,(Варяж-Белз)-Лешків,С141612 – Лешків,3.6,Червоноградський район
С141514,Орів-Нижня Стинава,Орів – Нижня Стинава,23.4,Дрогобицький район;Стрийський район
С141443,(Рогізно-Бірчиці)-Малі Баранівці,С141401 – Малі Баранівці,1.3,Самбірський район
С140229,Волуйки-Теребежі,Волуйки – Теребежі,1.6,Золочівський район
С141121,Плеників-(Красне-Чемеринці),Плеників – С140206,3.0,Львівський район
С142041,Ясниська-Рокитне,Ясниська – Рокитне,5.2,Яворівський район
С140553,Любша-Мазурівка,Любша – Мазурівка,2.3,Стрийський район
С141029,(Мостиська-Дидятичі)-Добошівка,С141003 – Добошівка,1.2,Яворівський район
С140622,Гута Обединська-Потелич,Гута Обединська – Потелич,6.5,Львівський район
С141016,(Судова Вишня-Комарно)-Дидятичі,О141001 – Дидятичі,1.9,Яворівський район
С141331,(Стремільче-Сморжів)-Загатка,С141314 – Загатка,2.0,Червоноградський район
С140701,Вижняни-Розворяни-Глиняни,Вижняни – Розворяни – Глиняни,8.9,Львівський район
С141645,Княже-Фусів,Княже – Фусів,2.4,Червоноградський район
С140654,Лужки-Борове,Лужки – Борове,1.0,Львівський район
С141333,Стирківці-(Синьків-Стремільче),Стирківці – С141309,1.1,Червоноградський район
С140330,Довжанка-Черляни,Довжанка – Черляни,15.5,Львівський район
С141147,Мазурі-Рубче,Мазурі – Рубче,2.0,Львівський район
С140220,Соколя-Грабова,Соколя – Грабова,7.1,Золочівський район
С141243,Кам'янопіль-(Київ-Чоп),Кам'янопіль – М-06,1.2,Львівський район
С140118,(Накваша-Попівці-Підкамінь)-Дудин,С140135 – Дудин,1.8,Золочівський район
С140806,Ременів-Старий Яричів,Ременів – Старий Яричів,6.1,Львівський район
С141833,Жулин-Танява,Жулин – Танява,7.2,Стрийський район
С140511,Юшківці-Берездівці,Юшківці – Берездівці,11.3,Стрийський район
С140834,Гряда-Незнанів,Гряда – Незнанів,6.0,Червоноградський район
С140329,Зушиці-Воля-Бартатівська,Зушиці – Воля – Бартатівська,11.0,Львівський район
С140707,Заставне-Глиняни,Заставне – Глиняни,5.2,Львівський район
С141041,Буців-Шегині,Буців – Шегині,4.0,Яворівський район
С140827,Великосілки-(Миколаїв-Бібрка),Великосілки – Т-14-25,1.7,Львівський район
С141137,Глібовичі-Грабник,Глібовичі – Грабник,1.9,Львівський район
С141603,Хоробрів-Опільсько,Хоробрів – Опільсько,6.8,Червоноградський район
С142039,Середній Горб-Лозина,Середній Горб – Лозина,2.4,Яворівський район
С140845,Грабовець-Вихопні-Жовтанці,Грабовець – Вихопні – Жовтанці,9.6,Львівський район
С141146,Кореличі-Миці,Кореличі – Миці,2.9,Львівський район
С142051,Шкло - Коти,Шкло – Коти,9.2,Яворівський район
С140219,Старий Милятин-Новий Милятин,Старий Милятин – Новий Милятин,2.2,Золочівський район
С141406,Новий Острів-Сусолів-Мости,Новий Острів – Сусолів – Мости,13.7,Самбірський район
С140939,Більче-Сухе,Більче – Сухе,5.4,Стрийський район
С140936,Надітичі-Пісочна,Надітичі – Пісочна,3.4,Стрийський район
С140538,Дубравка-Сулятичі,Дубравка – Сулятичі,11.6,Стрийський район
С140123,Гаї-Дітковецькі-(Броди-Тернопіль),Гаї-Дітковецькі – Р-39,5.9,Золочівський район
С140710,Підгородне-Струтин,Підгородне – Струтин,1.8,Золочівський район
С140412,Зади-Тинів,Зади – Тинів,1.7,Дрогобицький район
О140405,Борислав-Дрогобич,Борислав – Дрогобич,2.3,Дрогобицький район
С140665,Замочок-Борове,Замочок – Борове,0.8,Львівський район
С141805,Стрий-Конюхів,Стрий – Конюхів,6.6,Стрийський район
С141262,Раковець-Липники,Раковець – Липники,2.5,Львівський район
С140415,(Східниця-Пісочна)-Далява,Т-14-02 – Далява,3.2,Дрогобицький район
С141727,Губичі-(Нижанковичі-Стрий),Губичі – Т-14-18,3.0,Самбірський район
С141533,(Київ-Чоп)- Плав'я,М-06 – Плав'я,4.1,Стрийський район
С141130,(Перемишляни-Чемеринці-Плугів)-Кутерноги,О141102 – Кутерноги,1.9,Львівський район
О141607,Сокаль-Червоноград,Сокаль – Червоноград,9.3,Червоноградський район
С141240,Ков'ярі-(Київ-Чоп),Ков'ярі – М-06,1.0,Львівський район
С141505,Завадка-Козьова,Завадка – Козьова,18.8,Стрийський район
С141323,Яструбичі-Волиця,Яструбичі – Волиця,6.7,Червоноградський район
О140203,Буськ-Вузлове,Буськ – Вузлове,28.5,Золочівський район;Червоноградський район
С141417,Чернихів-Максимовичі,Чернихів – Максимовичі,13.8,Самбірський район
С141604,Комарів-Переспа,Комарів – Переспа,13.2,Червоноградський район
С141002,Черневе-Арламівська Воля,Черневе – Арламівська Воля,7.0,Яворівський район
С140312,Мости-Тершаків,Мости – Тершаків,10.2,Львівський район
С141336,(Броди-Червоноград)-Кути,Т-14-10 – Кути,2.0,Червоноградський район
С141409,Кружики-Нагірне,Кружики – Нагірне,11.9,Самбірський район
С140143,(Броди-Сморжів)-Клекотів,О140101 – Клекотів,6.6,Золочівський район
С140522,Дем'янка-Наддністрянська-Дем'янка-Лісна,Дем'янка – Наддністрянська – Дем'янка – Лісна,2.3,Стрийський район
С141817,(Слобідка-Журавне)-Стрілків,С141809 – Стрілків,1.5,Стрийський район
С140136,Королівка-Лешнів,Королівка – Лешнів,5.2,Золочівський район
С141265,Зубра-Пасіки-Зубрецькі-(Київ-Чоп),Зубра – Пасіки – Зубрецькі – М-06,5.0,Львівський район
С141610,Ульвівок-Забужжя,Ульвівок – Забужжя,10.7,Червоноградський район
С141907,Турка-Присліп,Турка – Присліп,5.8,Самбірський район
О141606,"КПП ""Варяж""-Бояничі","КПП ""Варяж"" – Бояничі",9.0,Червоноградський район
С141751,Страшевичі-Задністря,Страшевичі – Задністря,11.4,Самбірський район
С141447,Гординя-(Калинів-Дубляни-Волоща),Гординя – О141407,3.6,Самбірський район
С140224,Топорів-Заболото,Топорів – Заболото,2.7,Золочівський район
С141650,(Белз-Великі Мости)-Куличків,О141605 – Куличків,1.5,Червоноградський район
С141220,станція Зимна Вода-Зимна Вода,станція Зимна Вода – Зимна Вода,3.1,Львівський район
С140667,Магерів-Велике Передмістя,Магерів – Велике Передмістя,2.6,Львівський район
С140227,Грабина-(Гутисько-Тур'янське-Почапи),Грабина – С140202,1.3,Золочівський район
С140647,(Львів-Рава-Руська)-Муроване,М-09 – Муроване,1.6,Львівський район
С140902,Випучки-Рудники,Випучки – Рудники,12.2,Стрийський район
С140327,Вишня-Градівка,Вишня – Градівка,7.2,Львівський район;Самбірський район
С140423,Смільна-Залокоть,Смільна – Залокоть,5.9,Дрогобицький район
С140923,Устя-Розвадів,Устя – Розвадів,3.5,Стрийський район
С141339,(Рівне-Перемишляни)-Підмонастирок,Т-18-06 – Підмонастирок,11.6,Червоноградський район
С140802,Кам'янка-Бузька-Рожанка,Кам'янка – Бузька – Рожанка,8.1,Львівський район
С141303,Вузлове-Дмитрів,Вузлове – Дмитрів,8.5,Червоноградський район
С141022,Іорданівка-Боляновичі,Іорданівка – Боляновичі,3.6,Яворівський район
С141326,Бабана-Оглядів,Бабана – Оглядів,1.6,Червоноградський район
С140529,Голешів-Луковець,Голешів – Луковець,7.8,Стрийський район
С140307,"Городок-Лісна,",Городок – Лісна,15.4,Львівський район;Яворівський район
С141237,(Пустомити-Семенівка)-Радвани,С141206 – Радвани,0.8,Львівський район
С141118,(Копань-Свірж)-Підвисоке,С141126 – Підвисоке,1.2,Львівський район
С140221,Гаївське-Заводське,Гаївське – Заводське,1.0,Золочівський район
С141824,Угільня-Сихів,Угільня – Сихів,2.9,Стрийський район
С141923,(Турка-Ільник)-Лосинець,С141904 – Лосинець,4.0,Самбірський район
С140625,Підлісся-Магерів,Підлісся – Магерів,4.9,Львівський район
С140741,Ясенівці-Залісся,Ясенівці – Залісся,2.7,Золочівський район
