ref,name,official_name,distance
М-01,Київ – Чернігів – Нові Яриловичі,Київ — Чернігів — Нові Яриловичі,242.9
М-02,Кіпті – Глухів – Бачівськ,Кіпті — Глухів — Бачівськ,260.2
М-03,Київ – Харків – Довжанський,Київ — Харків — Довжанський,932.7
М-05,Київ – Одеса,Київ — Одеса,560.8
М-06,"Київ – Чоп (на м. Будапешт через мм. Львів, Мукачево і Ужгород)","Київ — Чоп (на м. Будапешт через мм. Львів, Мукачево і Ужгород)",902.2
М-07,Київ – Ковель – Ягодин (на м. Люблін),Київ — Ковель — Ягодин (на м. Люблін),499.7
М-08,Об’їзд м. Ужгорода – контрольно-пропускний пункт “Ужгород”,Об’їзд м. Ужгорода — контрольно-пропускний пункт “Ужгород”,17.1
М-09,Тернопіль – Львів – Рава-Руська (на м. Люблін),Тернопіль — Львів — Рава-Руська (на м. Люблін),175
М-10,Львів – Краковець (на м. Краків),Львів — Краковець (на м. Краків),70.2
М-11,Львів – Шегині (на м. Краків),Львів — Шегині (на м. Краків),71.6
М-13,Кропивницький – Платонове (на м. Кишинів),Кропивницький — Платонове (на м. Кишинів),258.6
М-14,Одеса – Мелітополь – Новоазовськ,Одеса — Мелітополь — Новоазовськ,691.3
М-15,Одеса – Рені (на м. Бухарест),Одеса — Рені (на м. Бухарест),297.7
М-16,Одеса – Кучурган (на м. Кишинів),Одеса — Кучурган (на м. Кишинів),58.9
М-17,Херсон – Джанкой – Феодосія – Керч,Херсон — Джанкой — Феодосія — Керч,403.5
М-18,Харків – Сімферополь – Алушта – Ялта,Харків — Сімферополь — Алушта — Ялта,703.8
М-19,Доманове – Ковель – Чернівці – Тереблече (на м. Бухарест),Доманове — Ковель — Чернівці — Тереблече (на м. Бухарест),534.1
М-20,Харків – Щербаківка,Харків — Щербаківка,28.4
М-21,Виступовичі – Житомир – Могилів-Подільський (через м. Вінницю),Виступовичі — Житомир — Могилів-Подільський (через м. Вінницю),410.7
М-22,Полтава – Олександрія,Полтава — Олександрія,148.2
М-23,Берегове – Виноградів – Велика Копаня,Берегове — Виноградів — Велика Копаня,50
М-24,Велика Добронь – Мукачево – Берегове – контроньно-пропускний пункт “Лужанка”,Велика Добронь —  Мукачево — Берегове — контроньно-пропускний пункт “Лужанка”,60.5
М-25,Контрольно-пропускний пункт “Соломоново” – Велика Добронь – Яноші,Контрольно-пропускний пункт “Соломоново” — Велика Добронь — Яноші,55.1
М-26,Вилок – Неветленфолу – контрольно-пропускний пункт “Дякове”,Вилок —  Неветленфолу — контрольно-пропускний пункт “Дякове”,20.6
М-27,Одеса – Чорноморськ,Одеса — Чорноморськ,14.1
М-28,Одеса – Южне – М-14,Одеса — Южне — /М-14/,37.2
М-29,Харків – Красноград – Перещепине – Дніпро,Харків — Красноград — Перещепине — Дніпро,198.9
М-30,"Стрий – Умань – Дніпро – Ізварине (через мм. Вінницю, Кропивницький)","Стрий — Умань — Дніпро — Ізварине (через                       мм. Вінницю, Кропивницький)",1402.5
Н-01,Київ – Знам’янка,Київ — Знам’янка,281.5
Н-02,М-06 – Кременець – Біла Церква – Ржищів – Канів – Софіївка,/М-06/ — Кременець — Біла Церква — Ржищів — Канів — Софіївка,516.8
Н-03,Житомир – Чернівці,Житомир — Чернівці,338.4
Н-05,Яни Капу – Сімферополь,Яни Капу — Сімферополь,115
Н-06,Сімферополь – Бахчисарай – Севастополь,Сімферополь — Бахчисарай — Севастополь,66.4
Н-07,Київ – Суми – Юнаківка,Київ — Суми — Юнаківка,333.9
Н-08,Бориспіль – Дніпро – Запоріжжя (через м. Кременчук) – Маріуполь,Бориспіль — Дніпро — Запоріжжя (через м. Кременчук) — Маріуполь,658.4
Н-09,Мукачево – Рахів – Богородчани – Івано-Франківськ – Рогатин – Бібрка – Львів,Мукачево — Рахів — Богородчани  — Івано-Франківськ  — Рогатин  — Бібрка  — Львів,441.2
Н-10,Стрий – Івано-Франківськ – Чернівці – Мамалига (на м. Кишинів),Стрий — Івано-Франківськ — Чернівці — Мамалига (на м. Кишинів),269.3
Н-11,Дніпро – Миколаїв (через м. Кривий Ріг),Дніпро — Миколаїв (через м. Кривий Ріг),240.7
Н-12,Суми – Полтава,Суми — Полтава,150.2
Н-13,Львів – Самбір – Ужгород,Львів —  Самбір —  Ужгород,231.4
Н-14,Олександрівка – Кропивницький – Миколаїв,Олександрівка — Кропивницький — Миколаїв,232.2
Н-15,Запоріжжя – Донецьк,Запоріжжя — Донецьк,210.4
Н-16,Золотоноша – Черкаси – Сміла – Умань,Золотоноша — Черкаси — Сміла — Умань,217.3
Н-17,Львів – Радехів – Луцьк,Львів — Радехів — Луцьк,129.8
Н-18,Івано-Франківськ – Бучач – Тернопіль,Івано-Франківськ — Бучач — Тернопіль,106.8
Н-19,Ялта – Севастополь,Ялта — Севастополь,80.7
Н-20,Слов’янськ – Донецьк – Маріуполь,Слов’янськ — Донецьк — Маріуполь,219.6
Н-21,Старобільськ – Луганськ – Хрустальний – Макіївка – Донецьк,Старобільськ — Луганськ — Хрустальний — Макіївка — Донецьк,221.1
Н-22,Устилуг – Луцьк – Рівне,Устилуг — Луцьк — Рівне,148
Н-23,Кропивницький – Кривий Ріг – Запоріжжя,Кропивницький — Кривий Ріг — Запоріжжя,262.5
Н-24,Благовіщенське – Миколаїв (через м. Вознесенськ),Благовіщенське — Миколаїв (через м. Вознесенськ),225.2
Н-25,Городище – Рівне – Старокостянтинів,Городище — Рівне — Старокостянтинів,295.8
Н-26,Чугуїв – Мілове (через м. Старобільськ),Чугуїв — Мілове (через м. Старобільськ),297.4
Н-27,Чернігів – Мена – Сосниця – Грем’яч,Чернігів — Мена — Сосниця — Грем’яч,206.8
Н-28,Н-27 – Городня – контрольно-пропускний пункт “Сеньківка”,/Н-27/ — Городня — контрольно-пропускний пункт “Сеньківка”,75.8
Н-30,Василівка – Бердянськ,Василівка — Бердянськ,136.3
Н-31,Дніпро – Царичанка – Кобеляки – Решетилівка,Дніпро — Царичанка — Кобеляки — Решетилівка,159.7
Н-32,Покровськ – Бахмут – Михайлівка,Покровськ — Бахмут — Михайлівка,131.5
Н-33,Одеса – Білгород-Дністровський – Монаші – М-15,Одеса — Білгород-Дністровський — Монаші —    /М-15/,93.2
Р-01,Київ – Обухів,Київ — Обухів,20.3
Р-02,Київ – Іванків – Овруч,Київ — Іванків — Овруч,175.2
Р-03,Північно-східний об’їзд м. Києва,Північно-східний об’їзд м. Києва,28.7
Р-04,Київ – Фастів – Біла Церква – Тараща – Звенигородка,Київ — Фастів — Біла Церква — Тараща — Звенигородка,214.8
Р-05,Контрольно-пропускний пункт “Дитятки” – контрольно-пропускний пункт “Прип’ять”,Контрольно-пропускний пункт “Дитятки” — контрольно-пропускний пункт “Прип’ять”,41.6
Р-06,Контрольно-пропускний пункт “Чорнобиль” – контрольно-пропускний пункт “Овруч”,Контрольно-пропускний пункт “Чорнобиль” — контрольно-пропускний пункт “Овруч”,64.5
Р-08,Немирів – Ямпіль,Немирів — Ямпіль,119.8
Р-09,Миронівка – Канів,Миронівка — Канів,39.5
Р-10,Р-09 – Черкаси – Чигирин – Кременчук,/Р-09/ — Черкаси — Чигирин — Кременчук,164.5
Р-11,Полтава – Красноград,Полтава — Красноград,52.1
Р-14,Луцьк – Ківерці – Маневичі – Любешів – Дольськ,Луцьк — Ківерці — Маневичі — Любешів — Дольськ,154.2
Р-15,Ковель – Володимир – Червоноград – Жовква,Ковель — Володимир — Червоноград — Жовква,146.5
Р-16,Під’їзди до спецоб’єктів в Автономній Республіці Крим,Під’їзди до спецоб’єктів в Автономній Республіці Крим,86
Р-17,Біла Церква – Тетіїв – Липовець – Гуменне – М-30,Біла Церква — Тетіїв — Липовець — Гуменне — /М-30/,158.2
Р-18,Житомир – Попільня – Сквира – Володарка – Ставище,Житомир — Попільня — Сквира — Володарка — Ставище,153.6
Р-19,Фастів – Митниця – Обухів – Ржищів,Фастів — Митниця — Обухів — Ржищів,91.7
Р-20,Тязів – Снятин – Косів – Старі Кути,Тязів — Снятин — Косів — Старі Кути,160.6
Р-21,Долина – Хуст,Долина — Хуст,128.1
Р-22,Контрольно-пропускний пункт “Красна Талівка” – Луганськ,Контрольно-пропускний пункт “Красна Талівка” — Луганськ,55.9
Р-23,Сімферополь – Феодосія,Сімферополь — Феодосія,109.6
Р-24,Татарів – Косів – Коломия – Борщів – Кам’янець-Подільський,Татарів — Косів — Коломия — Борщів — Кам’янець-Подільський,251.7
Р-25,Сімферополь – Євпаторія,Сімферополь — Євпаторія,53
Р-26,Острог – Кременець,Острог — Кременець,72.9
Р-27,Севастополь – Інкерман,Севастополь — Інкерман,38.5
Р-29,Алушта – Судак – Феодосія,Алушта — Судак — Феодосія,121.3
Р-30,Під’їзд до м. Ірпеня,Під’їзд до м. Ірпеня,7.1
Р-31,Бердичів – Хмільник – М-30,Бердичів — Хмільник — /М-30/,81.3
Р-33,Вінниця – Турбів – Гайсин – Балта – Велика Михайлівка – М-16,Вінниця — Турбів — Гайсин — Балта — Велика Михайлівка — /М-16/,359.4
Р-34,Ялта – Алушта,Ялта — Алушта,77.4
Р-35,Грушівка – Судак,Грушівка — Судак,20.2
Р-36,Немирів – Могилів-Подільський,Немирів — Могилів-Подільський,105.3
Р-37,Енергодар – Василівка,Енергодар — Василівка,70.3
Р-38,Богородчани – Гута,Богородчани — Гута,36.4
Р-39,Броди – Тернопіль,Броди — Тернопіль,72.3
Р-40,Рава-Руська – Яворів – Судова Вишня,Рава-Руська — Яворів — Судова Вишня,54.8
Р-41,Об’їзд м. Тернополя,Об’їзд м. Тернополя,14.5
Р-42,Лубни – Миргород – Опішня – Н-12,Лубни — Миргород — Опішня — /Н-12/,122.1
Р-43,М-19 – Ланівці – Н-02,/М-19/ — Ланівці — /Н-02/,56.2
Р-44,Суми – Путивль – Глухів,Суми — Путивль — Глухів,131.2
Р-45,Суми – Краснопілля – Богодухів,Суми — Краснопілля — Богодухів,104.1
Р-46,Харків – Охтирка,Харків — Охтирка,102.8
Р-47,Херсон – Нова Каховка – Генічеськ,Херсон — Нова Каховка — Генічеськ,213.4
Р-48,Р-24 – Сатанів – Війтівці – Білогір’я – Р-26,/Р-24/— Сатанів — Війтівці — Білогір’я — /Р-26/,184.9
Р-49,Васьковичі – Шепетівка,Васьковичі — Шепетівка,162
Р-50,Ярмолинці – Сатанів,Ярмолинці — Сатанів,48
Р-51,Мерефа – Лозова – Павлоград,Мерефа — Лозова — Павлоград,158.5
Р-53,Контрольно-пропускний пункт “Малий Березний” – Малий Березний,Контрольно-пропускний пункт “Малий Березний” — Малий Березний,3.1
Р-54,Саврань – Дубинове – М-05,Саврань — Дубинове — /М-05/,148.6
Р-55,М-14 – Вознесенськ – Новий Буг,/М-14/ — Вознесенськ — Новий Буг,207
Р-56,Чернігів – Пакуль – контрольно-пропускний пункт “Славутич” – Чорнобиль,Чернігів — Пакуль — контрольно-пропускний пункт “Славутич” — Чорнобиль,59.5
Р-57,Олешки – Гола Пристань – Скадовськ,Олешки — Гола Пристань — Скадовськ,82.6
Р-58,Севастополь – порт “Камишова бухта”,Севастополь — порт “Камишова бухта”,8.2
Р-59,Під’їзд до спецоб’єктів м. Севастополя,Під’їзд до спецоб’єктів м. Севастополя,2.9
Р-60,Кролевець – Конотоп – Ромни – Пирятин,Кролевець — Конотоп — Ромни — Пирятин,215.8
Р-61,Батурин – Конотоп – Суми,Батурин — Конотоп — Суми,146.2
Р-62,Криворівня – Усть-Путила – Старі Кути – Вижниця – Сторожинець – Чернівці,Криворівня — Усть-Путила — Старі Кути — Вижниця — Сторожинець — Чернівці,111.1
Р-63,Н-03 – Вартиківці – контрольно-пропускний пункт “Сокиряни”,/Н-03/ — Вартиківці —  контрольно-пропускний пункт “Сокиряни”,88.5
Р-64,Моринці – Шевченкове – Тарасівка – Н-16,Моринці — Шевченкове — Тарасівка — /Н-16/,81.1
Р-65,Контрольно-пропускний пункт “Миколаївка” – Семенівка – Новгород-Сіверський – Глухів – контрольно-пропускний пункт “Катеринівка”,Контрольно-пропускний пункт “Миколаївка” — Семенівка — Новгород-Сіверський — Глухів — контрольно-пропускний пункт “Катеринівка”,126
Р-66,Контрольно-пропускний пункт “Демино-Олександрівка” – Сватове – Лисичанськ – Луганськ,Контрольно-пропускний пункт “Демино-Олександрівка” — Сватове — Лисичанськ — Луганськ,231.5
Р-67,Чернігів – Ніжин – Прилуки – Пирятин,Чернігів — Ніжин — Прилуки — Пирятин,183.8
Р-68,Сокиринці – Н-07,Сокиринці — /Н-07/,94.4
Р-69,Київ – Вишгород – Десна – Чернігів,Київ — Вишгород — Десна — Чернігів,135.6
Р-71,Одеса – Іванівка – Ананьїв – Піщана – Хащувате – Колодисте – Рижавка – М-05,Одеса — Іванівка — Ананьїв — Піщана — Хащувате — Колодисте — Рижавка — /М-05/,274.1
Р-72,Контрольно-пропускний пункт “Старокозаче” – Білгород-Дністровський,Контрольно-пропускний пункт “Старокозаче” — Білгород-Дністровський,32.4
Р-73,Н-08 – Нікополь,/Н-08/ — Нікополь,63.1
Р-75,Контрольно-пропускний пункт “Тимкове” – Балта – Первомайськ – Доманівка – Олександрівка,Контрольно-пропускний пункт “Тимкове” — Балта — Первомайськ — Доманівка — Олександрівка,186.3
Р-76,Контрольно-пропускний пункт “Прикладники” – Зарічне – Дубровиця,Контрольно-пропускний пункт “Прикладники” — Зарічне — Дубровиця,80.5
Р-77,Рівне – Тучин – Гоща – Н-25,Рівне — Тучин — Гоща — /Н-25/,65.2
Р-78,Харків – Зміїв – Балаклія – Гороховатка,Харків — Зміїв — Балаклія — Гороховатка,134
Р-79,М-18 – Сахновщина – Ізюм – Куп’янськ – контрольно-пропускний пункт “Піски”,/М-18/ — Сахновщина — Ізюм — Куп’янськ — контрольно-пропускний пункт “Піски”,277.4
Р-81,Казанка – Снігурівка – Р-47,Казанка — Снігурівка  — /Р-47/,133.9
Р-82,Сосниця – Короп – М-02,Сосниця — Короп — /М-02/,71.9
Р-83,Славутич – Любеч – Ріпки – М-01 – Городня – Н-28 – Сновськ – Корюківка – Семенівка – Костобобрів – Чайкине – Н-27,Славутич — Любеч — Ріпки — /М-01/ — Городня — /Н-28/ — Сновськ — Корюківка — Семенівка — Костобобрів — Чайкине — /Н-27/,264.3
Р-84,Бібрка – Кам’янка-Бузька – Жовква – Городок – Миколаїв – Жидачів – Калуш – Бурштин,Бібрка — Кам’янка-Бузька — Жовква — Городок — Миколаїв — Жидачів — Калуш — Бурштин,278.8
Р-85,Дніпро – Васильківка – Покровське – Гуляйполе – Пологи – Мелітополь,Дніпро — Васильківка — Покровське — Гуляйполе — Пологи — Мелітополь,255.5
Р-86,Гуків – Дунаївці – Могилів-Подільський,Гуків — Дунаївці — Могилів-Подільський,162
Р-87,Галич – Підгайці – Сатанів,Галич — Підгайці — Сатанів,132.1
Т-01-01,Обхід м. Сімферополя на ділянці Мирне – Дубки,Обхід м. Сімферополя на ділянці Мирне — Дубки,7.3
Т-01-02,Сєверне – Войкове,Сєверне — Войкове,26.1
Т-01-04,Саки – Орлівка,Саки — Орлівка,50.1
Т-01-05,Танкове – Оборонне,Танкове — Оборонне,26.1
Т-01-06,Сімферополь – Миколаївка,Сімферополь — Миколаївка,35
Т-01-07,Чорноморське – Воїнка,Чорноморське — Воїнка,120.6
Т-01-08,Чорноморське – Євпаторія,Чорноморське — Євпаторія,67.2
Т-01-10,Курман – Нижньогірський,Курман — Нижньогірський,36.2
Т-01-11,Роздольне – Євпаторія,Роздольне — Євпаторія,67.6
Т-01-12,Нижньогірський – Білогірськ,Нижньогірський — Білогірськ,54.1
Т-01-13,Тарханкут – Первомайське,Тарханкут — Первомайське,17.8
Т-01-14,Єди-Кую – М-17,Єди-Кую — /М-17/,4.1
Т-01-16,Новопавлівка – Научний,Новопавлівка — Научний,14
Т-01-17,Бахчисарай – Ялта,Бахчисарай — Ялта,69.9
Т-02-02,Могилів-Подільський – Ямпіль – Бершадь – Умань,Могилів-Подільський — Ямпіль — Бершадь — Умань,218.7
Т-02-03,Турбів – Погребище – Сквира,Турбів — Погребище — Сквира,88.8
Т-02-04,Південний об’їзд м. Вінниці,Південний об’їзд м. Вінниці,19.3
Т-02-05,Куна – М-30,Куна — /М-30/,8.4
Т-02-07,Джулинка – Гайворон – Благовіщенське – М-05,Джулинка — Гайворон — Благовіщенське —        /М-05/,46.5
Т-02-11,Вербовець – Новодністровськ – Р-63,Вербовець  — Новодністровськ — /Р-63/,29
Т-02-12,Вінниця – Шпиків – Комаргород,Вінниця — Шпиків — Комаргород,79.3
Т-02-14,М-30 – Біликівці,/М-30/ — Біликівці,30.5
Т-02-15,Ямпіль – Велика Кісниця,Ямпіль — Велика Кісниця,21.7
Т-02-17,Муровані Курилівці – М-21,Муровані Курилівці — /М-21/,23.3
Т-02-18,Лука-Барська – Біликівці – Жмеринка – Ямпіль,Лука-Барська — Біликівці — Жмеринка — Ямпіль,127.8
Т-02-22,Тульчин – Тростянець – Бершадь,Тульчин — Тростянець — Бершадь,61.2
Т-02-25,Контрольно-пропускний пункт “Болган” – Піщанка,Контрольно-пропускний пункт “Болган” — Піщанка,13
Т-02-31,Під’їзд до аеропорту “Вінниця”,Під’їзд до аеропорту “Вінниця”,1.2
Т-02-33,Вапнярка – Крижопіль – Піщанка – контрольно-пропускний пункт “Загнітків”,Вапнярка — Крижопіль — Піщанка — контрольно-пропускний пункт “Загнітків”,53.4
Т-02-40,Р-08 – Ямпіль – Т-02-02,/Р-08/ — Ямпіль  — /Т-02-02/,3.1
Т-03-01,Залісся – Т-03-02,Залісся — /Т-03-02/,13.2
Т-03-02,Піща – Шацьк – Любомль – Володимир – Павлівка – Горохів – Берестечко – Козин – М-06,Піща — Шацьк — Любомль — Володимир — Павлівка — Горохів — Берестечко — Козин —     /М-06/,209.6
Т-03-03,Луцьк – Радомишль – Демидівка – Дубно,Луцьк —  Радомишль —  Демидівка —  Дубно,70.8
Т-03-04,М-19 – Доманове – Самари – Залухів – Мала Глуша – Т-03-08 – Невір – Ветли – Р-14,/М-19/ — Доманове — Самари  — Залухів — Мала Глуша — /Т-03-08/ — Невір — Ветли — /Р-14/,113.5
Т-03-05,Нововолинськ – Іваничі – Павлівка – Локачі,Нововолинськ — Іваничі — Павлівка — Локачі,42
Т-03-06,Т-03-02 – Шацьк – Вілиця – Прип’ять – Любохини – Т-03-08,/Т-03-02/ — Шацьк — Вілиця — Прип’ять — Любохини — /Т-03-08/,22.5
Т-03-07,Контрольно-пропускний пункт “Пулемець” – контрольно-пропускний пункт “Піща”,Контрольно-пропускний пункт “Пулемець” — контрольно-пропускний пункт “Піща”,18.9
Т-03-08,Любомль – Дубечне – Здомишель – Ратне – Камінь-Каширський – Любешів – Р-14,Любомль — Дубечне — Здомишель — Ратне — Камінь-Каширський — Любешів — /Р-14/,142.6
Т-03-09,Т-03-08 – Дубечне – Стара Вижівка – М-07 – Турійськ – Рожище – Ківерці – Піддубці – Н-22,/Т-03-08/ — Дубечне — Стара Вижівка — /М-07/ — Турійськ — Рожище — Ківерці — Піддубці — /Н-22/,149.7
Т-03-10,Стара Вижівка – Буцинь – М-19,Стара Вижівка — Буцинь — /М-19/,13.1
Т-03-11,Р-14 – Седлище – Камінь-Каширський – Ковель – М-19 – Колодяжне – Локачі – Н-17,/Р-14/ — Седлище — Камінь-Каширський — Ковель — /М-19/ — Колодяжне — Локачі — /Н-17/,161.8
Т-03-12,Р-14 – Журавичі – Берестяне – Цумань – Н-22,/Р-14/ — Журавичі — Берестяне — Цумань — /Н-22/,41
Т-04-02,Ігрень (м. Дніпро) – Олександрівка – М-18,Ігрень (м. Дніпро) — Олександрівка — /М-18/,12.9
Т-04-03,Мар’янське – Берислав – Р-47,Мар’янське — Берислав — /Р-47/,103.8
Т-04-04,Дніпро – Обухівка – Т-04-05,Дніпро —  Обухівка — /Т-04-05/,18.1
Т-04-05,Дніпро – Хутірське,Дніпро — Хутірське,34.3
Т-04-06,Григорівка – Межова – Покровськ,Григорівка — Межова — Покровськ,94.4
Т-04-07,П’ятихатки – Кривий Ріг,П’ятихатки  — Кривий Ріг,33.9
Т-04-08,Павлоград – Васильківка – Новомиколаївка – Оріхів – Токмак,Павлоград — Васильківка — Новомиколаївка — Оріхів — Токмак,145.4
Т-04-10,Кам’янське – Миколаївка – Солоне – Н-08,Кам’янське — Миколаївка — Солоне — /Н-08/,49.2
Т-04-11,Широке – Олександрівка – Н-23,Широке — Олександрівка — /Н-23/,25.9
Т-04-12,Кам’янське – Шульгівка – Михайлівка – Котовка – Перещепине – Чернявщина – Жемчужне,Кам’янське — Шульгівка — Михайлівка — Котовка — Перещепине — Чернявщина — Жемчужне,197.7
Т-04-13,Царичанка – Магдалинівка – Губиниха,Царичанка — Магдалинівка — Губиниха,68.9
Т-04-14,Кам’янське – Петриківка – Магдалинівка,Кам’янське — Петриківка — Магдалинівка,46.8
Т-04-15,Верхньодніпровськ – Вільногірськ – М-30,Верхньодніпровськ — Вільногірськ — /М-30/,44.6
Т-04-16,Павлоград – Синельникове,Павлоград — Синельникове,25
Т-04-20,Одарівка – Томаківка – Вищетарасівка,Одарівка — Томаківка — Вищетарасівка,108.6
Т-04-21,Дніпро – Новомиколаївка – М-30,Дніпро — Новомиколаївка — /М-30/,24.6
Т-04-22,Павлоград – Надеждівка – Голубівка,Павлоград — Надеждівка — Голубівка,57.9
Т-04-23,Мишурин Ріг – Вільногірськ,Мишурин Ріг — Вільногірськ,46.3
Т-04-24,Веселе – Олександропіль – Петропавлівка – М-30,Веселе — Олександропіль — Петропавлівка —            /М-30/,23.9
Т-04-25,М-30 – Підпільне – Дерезувате – Синельникове,/М-30/— Підпільне — Дерезувате — Синельникове,34.4
Т-04-26,М-30 – Козачий Гай,/М-30/— Козачий Гай,21.5
Т-04-27,Дмитрівка – Зелений Гай – Гаврилівка,Дмитрівка — Зелений Гай — Гаврилівка,52.8
Т-04-28,Слов’янка – Межова – Дачне,Слов’янка — Межова — Дачне,46.4
Т-04-29,Станція Верхньодніпровськ – Верхівцеве – Божедарівка,Станція Верхньодніпровськ — Верхівцеве — Божедарівка,33.4
Т-04-30,Кам’янське – Світлогірське,Кам’янське — Світлогірське,17.5
Т-04-31,Першотравенськ – Васильківське – Володимирівка – Солоне,Першотравенськ — Васильківське — Володимирівка — Солоне,23.2
Т-04-32,Божедарівка – Малософіївка – Нікополь,Божедарівка — Малософіївка — Нікополь,105.1
Т-04-33,Божедарівка – Болтишка – Малософіївка,Божедарівка — Болтишка — Малософіївка,22.3
Т-04-34,Ордо-Василівка – Сергіївка – Веселі Терни – Н-11,Ордо-Василівка — Сергіївка — Веселі Терни —  /Н-11/,33.6
Т-04-35,Т-04-32 – Новоіванівка – Марганець – Вищетарасівка,/Т-04-32/— Новоіванівка — Марганець — Вищетарасівка,70.9
Т-04-36,Н-23 – Покровське – Капулівка – Н-23,/Н-23/— Покровське — Капулівка — /Н-23/,16.8
Т-04-37,Верхньодніпровськ – Н-08,Верхньодніпровськ — /Н-08/,2.4
Т-04-39,Кринички – М-30,Кринички — /М-30/,4
Т-04-41,Дніпро – Царичанка – Кобеляки – Решетилівка на ділянці с. Лобойківка – с-ще Петриківка,Дніпро - Царичанка - Кобеляки - Решетилівка на ділянці с. Лобойківка - с-ще Петриківка,32.2
Т-04-42,Під’їзд до м. Кривого Рогу,Під’їзд до м. Кривого Рогу,3.5
Т-04-43,Т-04-47 – Сергіївка – Н-23,/Т-04-47/ — Сергіївка — /Н-23/,38.7
Т-04-44,Новомиколаївка – Богданівка – Сурсько-Михайлівка,Новомиколаївка — Богданівка — Сурсько-Михайлівка,14.7
Т-04-45,Синельникове – Славгород – Вільнянськ,Синельникове — Славгород — Вільнянськ,25.8
Т-04-46,Верхньодніпровськ – Лихівка,Верхньодніпровськ — Лихівка,26.6
Т-04-47,Кривий Ріг – Широке – Шестірня – Заградівка,Кривий Ріг — Широке — Шестірня — Заградівка,34.9
Т-05-05,Авдіївка – Донецьк,Авдіївка — Донецьк,7.6
Т-05-07,Донецьк – Харцизьк – Амвросіївка – контрольно-пропускний пункт “Успенка”,Донецьк — Харцизьк — Амвросіївка — контрольно-пропускний пункт “Успенка”,62.5
Т-05-08,Донецьк – Новоазовськ – Сєдове,Донецьк — Новоазовськ — Сєдове,111.3
Т-05-09,Велика Новосілка – Амвросіївка,Велика Новосілка — Амвросіївка,124
Т-05-10,Сніжне – Маринівка,Сніжне — Маринівка,16.4
Т-05-12,Волноваха – Бойківське,Волноваха — Бойківське,50.8
Т-05-13,Лиман – Бахмут – Горлівка,Лиман — Бахмут — Горлівка,78.4
Т-05-14,Добропілля – Лиман,Добропілля —  Лиман,64.1
Т-05-15,Олександрівка – Покровськ – Костянтинопіль,Олександрівка — Покровськ — Костянтинопіль,92.2
Т-05-16,Костянтинівка – Торецьк,Костянтинівка — Торецьк,16
Т-05-17,Єнакієве – Шахтарськ – Амвросіївка,Єнакієве — Шахтарськ — Амвросіївка,45.5
Т-05-18,Багатир – Велика Новосілка – Нікольське,Багатир — Велика Новосілка — Нікольське,119.3
Т-05-19,Амвросіївка – Бойківське – Маріуполь,Амвросіївка — Бойківське — Маріуполь,121.6
Т-05-20,М-30 – Горлівка,/М-30/ — Горлівка,8.3
Т-05-21,М-03 – під’їзд до м. Святогірська,/М-03/ — під’їзд до м. Святогірська,9.4
Т-05-22,Н-21 – під’їзд до Савур Могили,/Н-21/ — під’їзд до Савур Могили,9.1
Т-05-23,Н-20 – Кременівка – Ялта,/Н-20/ — Кременівка — Ялта,59.5
Т-05-24,Н-15 – Вугледар – Павлівка,/Н-15/ — Вугледар — Павлівка,21.6
Т-05-25,Михайлівка – Селидове – Курахове,Михайлівка — Селидове — Курахове,21.1
Т-05-26,Н-20 – Авдіївка,/Н-20/ — Авдіївка,3.2
Т-06-01,Баранівка – Висока Піч,Баранівка — Висока Піч,44.3
Т-06-02,М-06 – Коростишів,/М-06/ —  Коростишів,1.6
Т-06-03,М-06 – Пулини – Хорошів – М-21,/М-06/ —  Пулини — Хорошів — /М-21/,37.7
Т-06-04,Коростень – Народичі,Коростень —  Народичі,29.1
Т-06-05,Контрольно-пропускний пункт “Майдан Копищенський” – Олевськ – Ємільчине – Р-49,Контрольно-пропускний пункт “Майдан Копищенський” — Олевськ — Ємільчине  — /Р-49/,99.4
Т-06-07,Овруч – Народичі,Овруч — Народичі,23.1
Т-06-08,Малин – Кочерів,Малин — Кочерів,50.9
Т-06-09,Р-18 – Андрушівка,/Р-18/ — Андрушівка,5
Т-06-10,Любар – Хмільник – Лука-Барська – Нова Ушиця,Любар — Хмільник — Лука-Барська — Нова Ушиця,163.3
Т-06-11,Ставище – Брусилів – Попільня,Ставище — Брусилів — Попільня,57.2
Т-06-12,Звягель – Полонне – Старокостянтинів,Звягель — Полонне — Старокостянтинів,102
Т-06-13,Коростень – М-07 через Кожухівку,Коростень — /М-07/ через Кожухівку,9.2
Т-06-14,"Глибочиця – Станишівка через Калинівку, Клітчин","Глибочиця — Станишівка через Калинівку, Клітчин",9
Т-06-15,М-07 – Лугини,/М-07/ — Лугини,2.7
Т-06-18,Залужне – Романів,Залужне — Романів,8.3
Т-06-19,Овруцьке напівкільце,Овруцьке напівкільце,7.5
Т-07-09,Об’їзна м. Мукачева,Об’їзна м. Мукачева,5.8
Т-07-10,Ужок – Нижні Ворота,Ужок — Нижні Ворота,40.6
Т-07-11,Чепа – Пийтерфолво,Чепа — Пийтерфолво,6.9
Т-07-12,Перечин – М-06,Перечин — /М-06 /,50.3
Т-07-14,Шом – Горонглаб – контрольно-пропускний пункт “Дзвінкове”,Шом  — Горонглаб  — контрольно-пропускний пункт “Дзвінкове”,9
Т-07-18,Нижні Ворота – Воловець – Міжгір’я,Нижні Ворота —  Воловець — Міжгір’я,44.6
Т-07-19,Іршава – Виноградів,Іршава —  Виноградів,23.9
Т-07-20,Міжгір’я – Синевир,Міжгір’я — Синевир,15.5
Т-07-24,Синевир – Синевирська Поляна,Синевир — Синевирська Поляна,14
Т-07-37,Хуст – Шаян – Вишково – Буштино,Хуст — Шаян — Вишково — Буштино,18.9
Т-08-04,Кам’янка-Дніпровська – Велика Лепетиха – Каховка,Кам’янка-Дніпровська — Велика Лепетиха — Каховка,110.4
Т-08-05,Кам’янка-Дніпровська – Велика Білозерка – Веселе – М-14,Кам’янка-Дніпровська — Велика Білозерка — Веселе — /М-14/,109.9
Т-08-10,Велика Білозерка – Михайлівка – М-18,Велика Білозерка — Михайлівка — /М-18/,50.3
Т-08-11,Веселе – М-18,Веселе — /М-18/,35.8
Т-08-12,М-18 – Лугове – Оріхів,/М-18/ — Лугове — Оріхів,36.7
Т-08-13,Токмак – Чернігівка,Токмак — Чернігівка,31
Т-08-14,Т-04-08 – Омельник – Гуляйполе,/Т-04-08/ — Омельник — Гуляйполе,27
Т-08-15,Оріхів – Пологи,Оріхів — Пологи,27.4
Т-08-17,Р-37 – Веселе,/Р-37/ — Веселе,40.8
Т-08-18,Василівка – Михайлівка,Василівка — Михайлівка,15.1
Т-08-19,Кам’янка – М-14,Кам’янка — /М-14/,51.1
Т-08-20,Якимівка – Кирилівка,Якимівка — Кирилівка,41.4
Т-08-21,Н-30 – Приморськ,/Н-30/ — Приморськ,35.7
Т-09-02,Креховичі – Дзвиняч,Креховичі — Дзвиняч,46.5
Т-09-04,Озеряни – Кути,Озеряни — Кути,72.4
Т-09-05,Делятин – Раківчик,Делятин — Раківчик,27.9
Т-09-06,Івано-Франківськ – Надвірна,Івано-Франківськ — Надвірна,65.8
Т-09-07,Залуква – Боднарів,Залуква — Боднарів,18.6
Т-09-08,Тлумач – Лісна Тарновиця,Тлумач — Лісна Тарновиця,46.3
Т-09-09,Підкамінь – Княгиничі,Підкамінь — Княгиничі,8.7
Т-10-01,Ворзель – Забуччя – М-06,Ворзель — Забуччя — /М-06/,12.7
Т-10-02,Демидів – Гостомель,Демидів — Гостомель,16.8
Т-10-04,М-01 – Рудня – Гоголів – Бориспіль,/М-01/ — Рудня — Гоголів — Бориспіль,45
Т-10-05,Іванків – М-07,Іванків — /М-07/,45.3
Т-10-06,Глеваха – Підгірці,Глеваха — Підгірці,14.2
Т-10-07,Обуховичі – Ставрівка,Обуховичі — Ставрівка,8.1
Т-10-08,Київ – Літочки – Кіпті,Київ — Літочки — Кіпті,87.6
Т-10-09,Узин – М-05,Узин — /М-05/,21.6
Т-10-10,Рокитне – Узин,Рокитне — Узин,15.2
Т-10-12,Київ – Боярка,Київ — Боярка,10.7
Т-10-13,Фастів – Кожанка – Фурси – Яблунівка – Володарка,Фастів — Кожанка — Фурси — Яблунівка — Володарка,74.2
Т-10-14,Тетіїв – П’ятигори – М-05,Тетіїв — П’ятигори — /М-05/,31
Т-10-16,Київ – Ревне – Рогозів,Київ — Ревне — Рогозів,38
Т-10-17,Миронівка – Ольшаниця – Рокитне – Р-04,Миронівка — Ольшаниця — Рокитне — /Р-04/,49.5
Т-10-18,Бориспіль – Березань – Яготин,Бориспіль — Березань — Яготин,51.4
Т-10-19,Феневичі – Бородянка – Макарів – Бишів,Феневичі — Бородянка — Макарів — Бишів,65.8
Т-10-21,Тараща – Ставище,Тараща — Ставище,28.5
Т-10-22,Миронівка – Богуслав – Р-04,Миронівка — Богуслав — /Р-04/,36.5
Т-10-23,Васильків – Глеваха,Васильків — Глеваха,2.8
Т-10-25,Баришівка – М-03 – Переяслав,Баришівка — /М-03/ — Переяслав,42.1
Т-10-27,Київське півкільце,Київське півкільце,4.6
Т-10-32,Переяслав – М-03,Переяслав — /М-03/,19.6
Т-10-35,Р-02 – станція Вільча – контрольно-пропускний пункт “Вільча – Олександрівка”,/Р-02/ — станція Вільча — контрольно-пропускний пункт “Вільча — Олександрівка”,17.6
Т-10-37,Іванків – Городище,Іванків — Городище,3.1
Т-12-01,Кропивницький – Каніж – Новомиргород,Кропивницький — Каніж — Новомиргород,51.8
Т-12-02,М-30 – заповідник “Хутір Надія” – М-13,/М-30/ — заповідник “Хутір Надія” — /М-13/,13.5
Т-12-03,М-22 – Павлиш – Онуфріївка – Млинок – Н-08,/М-22/ — Павлиш — Онуфріївка — Млинок —     /Н-08/,30.4
Т-12-04,Долинська – Новошевченкове – Н-23,Долинська — Новошевченкове — /Н-23/,18.8
Т-12-05,Кропивницький – Нова Прага – Олександрія,Кропивницький — Нова Прага — Олександрія,58.8
Т-12-06,Новоархангельськ – Петроострів – Новомиргород,Новоархангельськ — Петроострів — Новомиргород,81.8
Т-12-08,Пушкове – Вільшанка – Добровеличківка,Пушкове — Вільшанка — Добровеличківка,52
Т-12-09,Новомиргород – Олександрівка,Новомиргород — Олександрівка,48.9
Т-12-10,Устинівка – Долинська – Петрове – Жовті Води,Устинівка — Долинська — Петрове — Жовті Води,107.2
Т-12-11,Знам’янка – Подорожнє,Знам’янка — Подорожнє,50.6
Т-12-12,Новомиргород – Велика Виска,Новомиргород — Велика Виска,21
Т-12-14,Новоархангельськ – Добровеличківка – Миколаївка,Новоархангельськ — Добровеличківка — Миколаївка,81.1
Т-12-15,Глинськ – Олександрія – Петрове,Глинськ — Олександрія — Петрове,71.5
Т-12-16,Компаніївка – Устинівка,Компаніївка — Устинівка,43.5
Т-12-17,Олександрівка – Бурякове – Р-10,Олександрівка — Бурякове — /Р-10/,30.8
Т-12-18,Новгородка – станція Шарівка – Нова Прага,Новгородка — станція Шарівка — Нова Прага,38
Т-12-21,Кропивницький – Рівне,Кропивницький — Рівне,43.3
Т-12-22,Новоукраїнка – межа Миколаївської області з під’їздом до санаторію “Гусарське Урочище”,Новоукраїнка — межа Миколаївської області з під’їздом до санаторію “Гусарське Урочище”,23.5
Т-12-23,Івангород – Розумівка – Кримки,Івангород — Розумівка — Кримки,19.2
Т-13-01,Луганськ – Георгіївка з під’їздом до аеропорту “Луганськ”,Луганськ — Георгіївка з під’їздом до аеропорту “Луганськ”,16.1
Т-13-02,Контрольно-пропускний пункт “Танюшівка” – Старобільськ – Бахмут,Контрольно-пропускний пункт “Танюшівка” — Старобільськ — Бахмут,163
Т-13-03,Успенка – Антрацит,Успенка — Антрацит,32.8
Т-13-05,Довжанськ – Криничне – М-03,Довжанськ — Криничне — /М-03/,23.6
Т-13-06,Сєвєродонецьк – Новоайдар,Сєвєродонецьк — Новоайдар,37.1
Т-13-07,Сватове – Новопсков – Мілове,Сватове — Новопсков — Мілове,164.3
Т-13-08,Старобільськ – Марківка,Старобільськ — Марківка,54.3
Т-13-09,Щастя – Широкий,Щастя — Широкий,37.3
Т-13-10,Лутугине – Сорокине,Лутугине — Сорокине,41.2
Т-13-11,Довжанськ – контрольно-пропускний пункт “Вознесенівка”,Довжанськ — контрольно-пропускний пункт “Вознесенівка”,10.8
Т-13-12,Сорокине – Антрацит,Сорокине — Антрацит,62.3
Т-13-13,Троїцьке – Білокуракине – Старобільськ,Троїцьке — Білокуракине — Старобільськ,111.4
Т-13-14,Контрольно-пропускний пункт “Просяне” – Біловодськ – Широкий,Контрольно-пропускний пункт “Просяне” — Біловодськ — Широкий,93.8
Т-13-15,Райгородка – Слов’яносербськ – Михайлівка,Райгородка — Слов’яносербськ — Михайлівка,56.2
Т-13-16,Під’їзд до м. Первомайська,Під’їзд до м. Первомайська,13.3
Т-13-17,Під’їзд до м. Голубівки,Під’їзд до м. Голубівки,14
Т-13-18,Біле – Лутугине,Біле — Лутугине,18.2
Т-13-19,Перевальськ – Іванівка,Перевальськ — Іванівка,27.9
Т-13-20,Георгіївка – Ровеньки – М-03,Георгіївка — Ровеньки — /М-03/,48.9
Т-13-21,Білолуцьк – контрольно-пропускний пункт “Новобіла”,Білолуцьк — контрольно-пропускний пункт “Новобіла”,19
Т-14-01,Контрольно-пропускний пункт “Смільниця” – Старий Самбір,Контрольно-пропускний пункт “Смільниця” — Старий Самбір,29.9
Т-14-02,Східниця – Пісочна,Східниця — Пісочна,54.1
Т-14-03,Грушів – Немирів,Грушів — Немирів,12.8
Т-14-04,Червоноград – Рава-Руська,Червоноград — Рава-Руська,51.7
Т-14-06,Славське – Вигода,Славське — Вигода,22.3
Т-14-07,Тухля – Плав’я,Тухля — Плав’я,16.1
Т-14-08,Угринів – Хоробрів,Угринів — Хоробрів,7.8
Т-14-10,Броди – Червоноград,Броди — Червоноград,81.8
Т-14-11,Корчин – Дубина,Корчин — Дубина,4.3
Т-14-12,Турка – Східниця,Турка — Східниця,38.9
Т-14-13,Верхнє Синьовидне – Дубина – Кам’янка,Верхнє Синьовидне — Дубина — Кам’янка,15.4
Т-14-14,Північний об’їзд м. Львова,Північний об’їзд м. Львова,5.6
Т-14-15,Мостиська – Самбір – Борислав,Мостиська — Самбір — Борислав,67.2
Т-14-16,Львів – Пустомити – Меденичі,Львів — Пустомити — Меденичі,48.8
Т-14-17,Куровичі – Рогатин,Куровичі — Рогатин,42.8
Т-14-18,Нижанковичі – Самбір – Дрогобич – Стрий,Нижанковичі — Самбір — Дрогобич — Стрий,95.6
Т-14-20,Яворів – Грушів,Яворів — Грушів,19.3
Т-14-21,Київ – Чоп – Сколе,/Київ — Чоп/ — Сколе,3.5
Т-14-23,Бориня – Мохнате,Бориня — Мохнате,30.3
Т-14-24,Сколе – Славське,Сколе — Славське,23.3
Т-15-03,Обхід м. Нової Одеси,Обхід м. Нової Одеси,13.8
Т-15-04,Первомайськ – Новоукраїнка,Первомайськ — Новоукраїнка,59.3
Т-15-06,Миколаїв – Доманівка – Берізки,Миколаїв — Доманівка — Берізки,173
Т-15-07,Миколаїв – Парутине – Очаків – база відпочинку “Чорноморка”,Миколаїв — Парутине — Очаків — база відпочинку “Чорноморка”,72.8
Т-15-08,Калинівка – Снігурівка,Калинівка — Снігурівка,44.8
Т-15-10,Н-24 – Арбузинка – Єланець – Нова Одеса,/Н-24/ — Арбузинка — Єланець — Нова Одеса,115.1
Т-15-13,Нечаяне – Очаків,Нечаяне — Очаків,37
Т-15-15,Федорівка – Рибаківка – база відпочинку “Лугове”,Федорівка — Рибаківка — база відпочинку “Лугове”,25.1
Т-16-06,Контрольно-пропускний пункт “Виноградівка” – Болград – М-15,Контрольно-пропускний пункт “Виноградівка” — Болград — /М-15/,48.8
Т-16-07,Ізмаїл – Кілія – Вилкове,Ізмаїл — Кілія — Вилкове,68.9
Т-16-08,Болград – Кубей – Арциз,Болград — Кубей — Арциз,80.2
Т-16-09,Н-33 – Сухий Лиман – М-27,/Н-33/ — Сухий Лиман — /М-27/,7.5
Т-16-10,Н-33 – Приморське – Жовтий Яр – Татарбунари,/Н-33/ — Приморське — Жовтий Яр — Татарбунари,81.9
Т-16-11,Контрольно-пропускний пункт “Олексіївка” – Кодима – Балта,Контрольно-пропускний пункт “Олексіївка” — Кодима — Балта,62.5
Т-16-14,Контрольно-пропускний пункт “Йосипівка” – Захарівка – Ширяєве – М-05,Контрольно-пропускний пункт “Йосипівка” — Захарівка — Ширяєве — /М-05/,60.6
Т-16-15,Контрольно-пропускний пункт “Великоплоске” – Новопетрівка – Цебрикове – Знам’янка – Березівка,Контрольно-пропускний пункт “Великоплоске” — Новопетрівка — Цебрикове — Знам’янка — Березівка,125
Т-16-17,М-05 – Іванівка,/М-05/ — Іванівка,12.4
Т-16-18,Р-33 – Роздільна – Єреміївка – М-05,/Р-33/ — Роздільна — Єреміївка — /М-05/,36.3
Т-16-19,Біляївка – станція Вигода,Біляївка — станція Вигода,20.9
Т-16-22,Кодима – Слобідка – Подільськ,Кодима — Слобідка — Подільськ,49.1
Т-16-23,Ананьїв – Троїцьке – Березівка – Вікторівка,Ананьїв — Троїцьке — Березівка — Вікторівка,100.8
Т-16-25,Контрольно-пропускний пункт “Кучурган” – Біляївка – Маяки – Овідіополь,Контрольно-пропускний пункт “Кучурган” — Біляївка — Маяки — Овідіополь,74.3
Т-16-27,Контрольно-пропускний пункт “Серпневе” – Тарутине – Арциз – Сарата,Контрольно-пропускний пункт “Серпневе” — Тарутине — Арциз — Сарата,73.5
Т-16-28,М-15 – Спаське – Вилкове,/М-15/ — Спаське — Вилкове,44.5
Т-16-30,Струмок – Шевченкове – Кілія,Струмок — Шевченкове — Кілія,32.5
Т-16-31,Контрольно-пропускний пункт “Табаки” – Болград – М-15,Контрольно-пропускний пункт “Табаки” — Болград — /М-15/,36.8
Т-16-32,Контрольно-пропускний пункт “Нові Трояни” – Кубей,Контрольно-пропускний пункт “Нові Трояни” — Кубей,22.8
Т-16-34,Великоплоске – Слов’яносербка – кордон Молдови,Великоплоске — Слов’яносербка — кордон Молдови,11
Т-16-37,Подільськ – Федорівка – М-13,Подільськ — Федорівка — /М-13/,17.1
Т-16-38,Контрольно-пропускний пункт “Станіславка” – Станіславка – Мурована,Контрольно-пропускний пункт “Станіславка” — Станіславка — Мурована,20.3
Т-16-40,Миколаївка – Андрієво-Іванівка – Настасіївка – М-05,Миколаївка — Андрієво-Іванівка — Настасіївка — /М-05/,36.1
Т-16-42,М-15 – контрольно-пропускний пункт “Долинське”,/М-15/ — контрольно-пропускний пункт “Долинське”,8.7
Т-16-43,Кордон Молдови – Фараонівка – Сарата – Дивізія – Т-16-10,Кордон Молдови — Фараонівка — Сарата — Дивізія — /Т-16-10/,71.8
Т-16-44,Контрольно-пропускний пункт “Лісне” – контрольно-пропускний пункт “Малоярославець Перший”,Контрольно-пропускний пункт “Лісне” — контрольно-пропускний пункт “Малоярославець Перший”,59.9
Т-16-47,Н-33 – Кароліно-Бугаз – Грибівка – Санжійка – М-27,/Н-33/ — Кароліно-Бугаз — Грибівка — Санжійка — /М-27/,25.1
Т-17-03,Н-08 – Недогарки – Світловодськ,/Н-08/ — Недогарки — Світловодськ,7.4
Т-17-05,Лохвиця – Гадяч – Охтирка – контрольно-пропускний пункт “Велика Писарівка”,Лохвиця — Гадяч — Охтирка — контрольно-пропускний пункт “Велика Писарівка”,163
Т-17-06,Гадяч – Опішня,Гадяч — Опішня,61.1
Т-17-16,Хорол – Семенівка – Кременчук (через с. Бочки),Хорол — Семенівка — Кременчук (через с. Бочки),88
Т-17-18,Диканька – Решетилівка,Диканька — Решетилівка,53
Т-17-24,Вирішальне – Залізняки – Комишня,Вирішальне — Залізняки  — Комишня,18.7
Т-17-28,Зіньків – Т-17-05 – межа області,Зіньків — /Т-17-05/ — межа області,14.3
Т-17-29,Об’їзна дорога с-ща Котельва,Об’їзна дорога с-ща Котельва,10.8
Т-18-01,Рівне – Здолбунів – Мізоч – Дубно,Рівне — Здолбунів — Мізоч — Дубно,47.6
Т-18-02,М-07 – Маюничі – Велика Осниця – Красноволя – Колки – Р-14 – Копилля – Рожище – Торчин – Шклинь – Н-17,/М-07/ — Маюничі — Велика Осниця — Красноволя — Колки — /Р-14/ — Копилля — Рожище — Торчин — Шклинь — /Н-17/,120.3
Т-18-04,Корець – Славута – Антоніни,Корець — Славута — Антоніни,110.2
Т-18-06,Рівне – Млинів – Берестечко – Буськ – Перемишляни,Рівне — Млинів — Берестечко — Буськ — Перемишляни,176.2
Т-18-08,Зарічне – Борове – Стара Рафалівка – Полиці,Зарічне — Борове — Стара Рафалівка — Полиці,89.8
Т-18-09,Переброди – Дубровиця – Володимирець – Суховоля,Переброди — Дубровиця — Володимирець — Суховоля,91.3
Т-18-10,Дубровиця – Любиковичі – Сарни,Дубровиця — Любиковичі — Сарни,23.9
Т-18-11,Клесів – Михалин – Березне – Н-25,Клесів — Михалин — Березне — /Н-25/,62.9
Т-18-12,Немовичі – Березне – Великі Межирічі – Федорівка,Немовичі — Березне — Великі Межирічі — Федорівка,94
Т-18-13,Демидівка – Велика Городниця – Олика,Демидівка — Велика Городниця — Олика,58.8
Т-18-14,Рокитне – М-07,Рокитне — /М-07/,3.3
Т-18-15,Дубно – Млинів – Т-18-13,Дубно — Млинів — /Т-18-13/,28.5
Т-18-16,Східний під’їзд до м. Радивилова,Східний під’їзд до м. Радивилова,4.5
Т-18-17,Бережниця – Степань – Деражне – Клевань – М-06,Бережниця — Степань — Деражне — Клевань — /М-06/,125.5
Т-18-18,Будки-Кам’янські – Рокитне – Клесів – М-07,Будки-Кам’янські — Рокитне — Клесів — /М-07/,100.3
Т-18-19,Соснове – Маринин,Соснове — Маринин,8.2
Т-18-20,Кунин – Зелений Дуб,Кунин — Зелений Дуб,26.8
Т-18-21,Верба – Онишківці,Верба — Онишківці,14.4
Т-18-22,Онишківці – Стара Миколаївка,Онишківці — Стара Миколаївка,13.8
Т-18-23,Удрицьк – Жадень,Удрицьк — Жадень,6.5
Т-18-24,Дерманка – Корець – М-06,Дерманка — Корець — /М-06/,29
Т-18-25,Дермань Перша – Дермань Друга,Дермань Перша — Дермань Друга,8.5
Т-18-26,Степань – Н-25,Степань — /Н-25/,22.8
Т-18-27,Костопіль – Яполоть,Костопіль — Яполоть,16.6
Т-18-28,Корчів’я – Іваничі – Берестовець,Корчів’я — Іваничі — Берестовець,9.9
Т-18-29,Вежиця – Рокитне – Борове,Вежиця — Рокитне — Борове,97.5
Т-18-30,Рівне – Тайкури – Оженин,Рівне — Тайкури — Оженин,25.4
Т-18-31,М-06 – Бугрин – Оженин – Острог,/М-06/— Бугрин — Оженин — Острог,30.3
Т-18-32,Н-22 – Ходоси – Кустин – Н-25,/Н-22/ — Ходоси — Кустин — /Н-25/,20.8
Т-18-33,Познань – Т-18-29,Познань — /Т-18-29/,8.3
Т-19-01,Суми – Миропілля – Осоївка – Р-45,Суми — Миропілля — Осоївка — /Р-45/,58.1
Т-19-04,Білопілля – Терни – Липова Долина – межа Сумської області,Білопілля — Терни — Липова Долина — межа Сумської області,87.8
Т-19-06,Контрольно-пропускний пункт “Рижівка” – Білопілля – Миколаївка – Лебедин – Лантратівка,Контрольно-пропускний пункт “Рижівка” — Білопілля — Миколаївка — Лебедин — Лантратівка,121.4
Т-19-07,Шостка – Кролевець,Шостка — Кролевець,35
Т-19-08,Шостка – Зноб-Новгородське – Середина-Буда,Шостка — Зноб-Новгородське — Середина-Буда,83.5
Т-19-09,Суми – Лебедин,Суми — Лебедин,40.9
Т-19-10,Конотоп – Буринь – Чумакове,Конотоп — Буринь — Чумакове,43.7
Т-19-11,Мутин – Путивль,Мутин — Путивль,31.2
Т-19-12,Шостка – Ямпіль,Шостка — Ямпіль,19.7
Т-19-13,Ромни – Липова Долина – Тростянець – Мезенівка,Ромни — Липова Долина — Тростянець — Мезенівка,146.2
Т-19-14,Хмелів – Чернеча Слобода – Буринь,Хмелів — Чернеча Слобода — Буринь,46.8
Т-19-15,Контрольно-пропускний пункт “Середина-Буда” – Ямпіль – Береза,Контрольно-пропускний пункт “Середина-Буда” — Ямпіль — Береза,63.7
Т-19-18,Краснопілля – контрольно-пропускний пункт “Покровка”,Краснопілля — контрольно-пропускний пункт “Покровка”,16.6
Т-19-19,Буринь – Воскресенка – Суховерхівка – Терни,Буринь — Воскресенка — Суховерхівка — Терни,20.9
Т-19-20,Путивль – Линове – Нова Слобода з під’їздом до Сафроніївського монастиря,Путивль — Линове — Нова Слобода з під’їздом до Сафроніївського монастиря,21.8
Т-19-21,Путивль – Шалигине – Заруцьке,Путивль — Шалигине — Заруцьке,39.5
Т-19-22,Путивль – Кардаші – Спадщанський ліс,Путивль — Кардаші — Спадщанський ліс,8
Т-19-23,Тростянець – Ницаха – Солдатське – Р-45,Тростянець — Ницаха — Солдатське — /Р-45/,31.2
Т-19-24,Середина-Буда – Стара Гута – Василівка,Середина-Буда — Стара Гута — Василівка,24.4
Т-19-25,Конотоп – Соснівка,Конотоп — Соснівка,4
Т-19-26,Штепівка – Катеринівка – Степове – заповідник “Михайлівська Цілина” – Тимченки – Кушніри,Штепівка — Катеринівка — Степове  — заповідник  “Михайлівська Цілина” — Тимченки — Кушніри,34
Т-19-27,Чернеччина – Журавне,Чернеччина — Журавне,10.5
Т-19-28,Н-12 – Лутище – Куземин,/Н-12/ — Лутище — Куземин,10.4
Т-19-29,Охтирка – Бакирівка,Охтирка — Бакирівка,9.9
Т-19-30,Т-17-05 – Добрянське,/Т-17-05 / — Добрянське,4.4
Т-19-31,Велика Писарівка – Олександрівка – Т-17-05,Велика Писарівка — Олександрівка — /Т-17-05/,5.9
Т-19-32,Н-12 – Зарічне,/Н-12/ — Зарічне,3.2
Т-20-01,Бучач – Чортків – Скала-Подільська,Бучач — Чортків — Скала-Подільська,68.3
Т-20-02,Тернопіль – Скалат – Жванець,Тернопіль — Скалат — Жванець,175.4
Т-20-04,Бережани – Підгайці – Монастириська,Бережани — Підгайці — Монастириська,47.5
Т-20-05,Бучач – Нижнів,Бучач — Нижнів,32.8
Т-20-06,Городище – Зарваниця – Бучач,Городище — Зарваниця — Бучач,55.5
Т-20-07,Бережани – Нараїв – Брюховичі,Бережани — Нараїв — Брюховичі,18
Т-20-08,Шумськ – Великі Дедеркали – Н-02,Шумськ — Великі Дедеркали — /Н-02/,16
Т-20-09,Вишнівець – Ланівці,Вишнівець — Ланівці,24.6
Т-20-10,Збараж – Підволочиськ,Збараж — Підволочиськ,40.2
Т-20-11,Копичинці – Гусятин,Копичинці — Гусятин,18.7
Т-20-12,Ланівці – Лисогірка – Теофіполь,Ланівці — Лисогірка — Теофіполь,25.5
Т-20-13,Почаїв – Зборів,Почаїв — Зборів,57.1
Т-20-14,Підволочиськ – Скалат,Підволочиськ — Скалат,24.4
Т-20-15,Борщів – Заліщики,Борщів — Заліщики,36.1
Т-20-16,Бучач – Товсте,Бучач — Товсте,37.9
Т-20-17,Гримайлів – Яблунів,Гримайлів — Яблунів,23.9
Т-20-18,Зборів – Козова,Зборів — Козова,26.7
Т-20-19,М-30 (Кам’янки) – Скалат,/М-30/ (Кам’янки) — Скалат,14
Т-20-20,М-19 (Мишковичі) – Дружба,/М-19/ (Мишковичі) — Дружба,9.8
Т-21-01,М-18 – Мерефа – Зміїв,/М-18/ — Мерефа — Зміїв,20.3
Т-21-03,Харків – Золочів – контрольно-пропускний пункт “Олександрівка”,Харків — Золочів — контрольно-пропускний пункт “Олександрівка”,53.7
Т-21-04,Харків – Вовчанськ – контрольно-пропускний пункт “Чугунівка”,Харків — Вовчанськ — контрольно-пропускний пункт “Чугунівка”,116.9
Т-21-06,М-03 – Старий Мерчик – Мурафа – Краснокутськ,/М-03/ — Старий Мерчик — Мурафа — Краснокутськ,52.1
Т-21-08,Вовчанськ – контрольно-пропускний пункт “Плетенівка”,Вовчанськ — контрольно-пропускний пункт “Плетенівка”,8.7
Т-21-10,Шевченкове – Балаклія – Первомайський – Кегичівка,Шевченкове  — Балаклія  — Первомайський  — Кегичівка,134.2
Т-21-11,Чугуїв – Печеніги – Великий Бурлук,Чугуїв  — Печеніги  — Великий Бурлук,65
Т-21-12,Пересічне – Березівське – М-03 з під’їздом до санаторію “Березівські мінеральні води”,Пересічне  — Березівське  — /М-03/ з під’їздом до санаторію “Березівські мінеральні води”,6.9
Т-21-13,Золочів – Максимівка,Золочів  — Максимівка,33.4
Т-21-14,Приколотне – Великий Бурлук – Дворічна,Приколотне  — Великий Бурлук  — Дворічна,47.4
Т-21-15,Гусарівка – Грушуваха,Гусарівка — Грушуваха,33.7
Т-21-16,М-03 – Коломак – Шелестове – Колонтаїв,/М-03/ — Коломак — Шелестове — Колонтаїв,38.1
Т-21-17,Дергачі – Козача Лопань – М-20,Дергачі — Козача Лопань — /М-20/,31.2
Т-21-18,Кегичівка – Сахновщина,Кегичівка — Сахновщина,25
Т-21-19,Наталине – Зачепилівка – Перещепине,Наталине — Зачепилівка — Перещепине,46.8
Т-21-20,Зачепилівка – Андріївка – Кегичівка – Старовірівка – М-18,Зачепилівка — Андріївка — Кегичівка — Старовірівка  — /М-18/,97.2
Т-21-21,Лозова – Близнюки – Барвінкове – Велика Комишуваха,Лозова — Близнюки — Барвінкове — Велика Комишуваха,82.4
Т-21-22,Ізюм – Барвінкове,Ізюм — Барвінкове,29.7
Т-21-23,Межа Харківської області – Краснокутськ – Р-46,Межа Харківської області — Краснокутськ —     /Р-46/,50.4
Т-22-01,Білозерка – Херсон,Білозерка — Херсон,3.1
Т-22-02,Нова Каховка – Армянськ,Нова Каховка — Армянськ,76.2
Т-22-07,Т-04-03 – Високопілля – Велика Олександрівка – Берислав,/Т-04-03 /— Високопілля — Велика Олександрівка — Берислав,126.9
Т-22-08,Т-08-04 – Верхній Рогачик – Нижні Сірогози,/Т-08-04/ — Верхній Рогачик — Нижні Сірогози,65.6
Т-22-09,Велика Лепетиха – Іванівка – Генічеськ,Велика Лепетиха — Іванівка — Генічеськ,136.9
Т-22-10,Нова Каховка – М-17,Нова Каховка — /М-17/,48
Т-22-13,М-17 – Скадовськ,/М-17/ — Скадовськ,31.6
Т-22-14,Під’їзд до м. Каховки,Під’їзд до м. Каховки,3.7
Т-22-15,Під’їзд до аеропорту “Херсон”,Під’їзд до аеропорту “Херсон”,2.8
Т-22-16,Гола Пристань – Залізний Порт,Гола Пристань — Залізний Порт,53.8
Т-23-02,Чернелівка – Городок – Смотрич,Чернелівка — Городок — Смотрич,92.7
Т-23-03,Дунаївці – Грушка,Дунаївці — Грушка,33
Т-23-05,Хмельницький – Віньківці – Дашківці,Хмельницький — Віньківці — Дашківці,63.4
Т-23-06,Шепетівка – Старокостянтинів,Шепетівка — Старокостянтинів,47
Т-23-09,Шепетівка – Чуднів – Бердичів,Шепетівка — Чуднів — Бердичів,112.3
Т-23-10,Голосків – Деражня – Лука-Барська,Голосків — Деражня — Лука-Барська,48.7
Т-23-11,Хмельницький – Волочиськ,Хмельницький — Волочиськ,59.6
Т-23-12,Гусятин – Городок,Гусятин — Городок,31.3
Т-23-13,Кам’янка – Шепетівка,Кам’янка — Шепетівка,46.5
Т-23-14,Теофіполь – Красилів – Н-03,Теофіполь — Красилів — /Н-03/,63.4
Т-23-15,Солобківці – Нова Ушиця,Солобківці — Нова Ушиця,53.1
Т-23-16,Маниківці – Деражня,Маниківці — Деражня,17.6
Т-23-17,Кам’янець-Подільський – Стара Ушиця,Кам’янець-Подільський — Стара Ушиця,43.8
Т-23-18,Старий Остропіль – Вовковинці,Старий Остропіль — Вовковинці,83.2
Т-23-19,Стара Синява – Меджибіж – М-30,Стара Синява — Меджибіж — /М-30/,28.8
Т-23-20,М-30 – Волочиськ – Підволочиськ,/М-30/ — Волочиськ — Підволочиськ,16.4
Т-23-21,Ярмолинці – Кам’янець-Подільський,Ярмолинці — Кам’янець-Подільський,55.1
Т-23-24,Старокостянтинів – Антоніни,Старокостянтинів — Антоніни,24.6
Т-23-25,Кам’янець-Подільський – Устя,Кам’янець-Подільський — Устя,10
Т-23-26,Старокостянтинів – Шрубків,Старокостянтинів — Шрубків,36.3
Т-24-01,Городище – Шпола – Новоукраїнка – Бобринець – Устинівка,Городище — Шпола — Новоукраїнка — Бобринець — Устинівка,201.4
Т-24-02,Суботів – Медведівка – Кам’янка,Суботів — Медведівка — Кам’янка,43.3
Т-24-03,Орадівка – Христинівка – Жашків – Корсунь-Шевченківський – Мошни,Орадівка — Христинівка — Жашків — Корсунь-Шевченківський — Мошни,179.6
Т-24-04,Канів – Ліпляве – Прохорівка – Домантове – Н-08,Канів — Ліпляве — Прохорівка — Домантове —  /Н-08/,45.3
Т-24-05,Жашків – Буки – Озірна,Жашків — Буки — Озірна,66
Т-24-06,М-05 – Маньківка – Іваньки – Буки,/М-05/ — Маньківка — Іваньки — Буки,27.6
Т-24-07,Н-01 – Кам’янка,/Н-01/ — Кам’янка,2.2
Т-24-08,Шевченкове – Городище – Н-16,Шевченкове — Городище — /Н-16/,59.8
Т-24-09,М-03 – Драбів – Золотоноша,/М-03/ — Драбів — Золотоноша,64.6
Т-24-10,Т-24-09 – Свічківка – Гребінка,/Т-24-09/ — Свічківка — Гребінка,13.3
Т-24-11,Звенигородка – Катеринопіль – Тальне – Маньківка,Звенигородка — Катеринопіль — Тальне — Маньківка,58.2
Т-24-12,Софіївка – Драбів,Софіївка — Драбів,34.6
Т-24-13,Катеринопіль – Вікнине – Шпола,Катеринопіль — Вікнине — Шпола,30.2
Т-24-14,Сміла – Ташлик – Капітанівка – Новомиргород,Сміла — Ташлик — Капітанівка — Новомиргород,50
Т-24-15,Тальне – Кам’янече – Нерубайка – Голованівськ – Благовіщенське,Тальне — Кам’янече — Нерубайка — Голованівськ — Благовіщенське,96.5
Т-24-16,М-30 – Сушківка – Вільшана – Слобідка – Рогова – Перегонівка,/М-30/ — Сушківка — Вільшана — Слобідка — Рогова — Перегонівка,30.2
Т-24-17,Н-08 – Чорнобай – Хрестителеве – кордон Полтавської області,/Н-08/ — Чорнобай — Хрестителеве — кордон Полтавської області,30.3
Т-24-18,Н-16 – Сміла – Н-01,/Н-16/ — Сміла — /Н-01/,2
Т-24-19,Звенигородка – Ватутіне,Звенигородка — Ватутіне,8.2
Т-25-01,М-01 – Олишівка – Куликівка,/М-01/ — Олишівка — Куликівка,35.7
Т-25-03,Вільне – Кролевець,Вільне — Кролевець,25.3
Т-25-06,Чернігів – Любеч,Чернігів — Любеч,43.3
Т-25-07,М-01 – Добрянка,/М-01 /— Добрянка,12.1
Т-25-13,Козелець – Козари – Носівка,Козелець — Козари — Носівка,37.7
Т-25-14,Ніжин – Бахмач – Дмитрівка,Ніжин — Бахмач — Дмитрівка,101.2
Т-25-15,Р-68 – Дмитрівка – Харкове,/Р-68/ — Дмитрівка — Харкове,54.1
Т-25-17,Короп – Нехаївка – Шабалинів,Короп — Нехаївка — Шабалинів,23.4
Т-25-18,Контрольно-пропускний пункт “Хрінівка” – Камка,Контрольно-пропускний пункт “Хрінівка” — Камка,33.4
Т-25-19,Холми – Авдіївка – Оболоння,Холми — Авдіївка — Оболоння,36.9
Т-25-21,Сосниця – Шаповалівка,Сосниця — Шаповалівка,32
Т-25-23,Борзна – Стрільники – Бахмач,Борзна — Стрільники — Бахмач,30.2
Т-25-24,Борзна – Ічня – Прилуки,Борзна — Ічня — Прилуки,69.5
Т-25-25,М-02 – Носівка,/М-02/ — Носівка,22.9
Т-25-26,Ніжин – Бобровиця – Нова Басань,Ніжин — Бобровиця — Нова Басань,71.3
Т-25-27,Бобровиця – Свидовець – Новий Биків – Ічня,Бобровиця — Свидовець — Новий Биків — Ічня,89.2
Т-25-28,Козелець – Марківці – Бобровиця,Козелець — Марківці — Бобровиця,33.4
Т-25-30,Прилуки – Варва – Срібне – Обухове,Прилуки — Варва — Срібне — Обухове,77.1
Т-25-31,М-02 – станція Бахмач,/М-02/ —  станція Бахмач,12.3
Т-25-32,Корюківка – Матвіївка – Сосниця,Корюківка — Матвіївка — Сосниця,36.2
Т-25-34,Корюківка – Синявка – Блистова – Мена,Корюківка — Синявка — Блистова — Мена,83.7
Т-25-35,Козелець – Карпилівка – Сорокошичі,Козелець — Карпилівка — Сорокошичі,55
Т-25-36,Корюківка – Сахутівка – Мена,Корюківка — Сахутівка — Мена,25.5
Т-25-38,Р-67 – Макіївка – Журавка,/Р-67/ — Макіївка — Журавка,13.4
Т-25-39,Н-27 – Покошичі – Мезин – Курилівка,/Н-27/— Покошичі — Мезин — Курилівка,21.2
Т-25-41,Новий Биків – Згурівка – Яготин,Новий Биків — Згурівка — Яготин,47.1
Т-25-42,Мена – Макошине,Мена — Макошине,10.4
Т-25-43,Мена – санаторій “Остреч”,Мена — санаторій “Остреч”,2.5
Т-25-44,Березна – Миколаївка,Березна — Миколаївка,14.6
Т-25-45,Ічня – Буди,Ічня — Буди,13.8
Т-25-46,Варва – Гнідинці,Варва — Гнідинці,7.1
Т-25-47,М-01 – Ладинка,/М-01/ — Ладинка,8
Т-25-48,Сновськ – Єліне,Сновськ — Єліне,24.3
Т-25-49,Козелець – Данівка,Козелець — Данівка,7.1
Т-25-50,Н-27 – Орлівка,/Н-27/ — Орлівка,9.1
Т-25-51,М-02 – Заньки,/М-02/ — Заньки,5.9
Т-25-52,Борзна – Комарівка – М-02,Борзна — Комарівка — /М-02/,24.8
Т-25-53,Красилівка – Надинівка,Красилівка — Надинівка,10.9
Т-25-54,М-01 – Олешня,/М-01/ — Олешня,8.2
Т-25-55,Н-27 – Вознесенське,/Н-27/ — Вознесенське,2.5
Т-25-56,Н-07 – Густиня,/Н-07/ — Густиня,4.6
Т-25-59,М-02 – Лісове,/М-02/ — Лісове,1.2
Т-25-60,Придеснянське – Вишеньки,Придеснянське — Вишеньки,5.1
Т-25-61,Ріпки – Задеріївка – Радуль,Ріпки — Задеріївка — Радуль,35
Т-26-01,Чернівці – Вашківці – Путила – контрольно-пропускний пункт “Руська” з під’їздом до контрольно-пропускного пункту “Шепіт”,Чернівці — Вашківці — Путила — контрольно-пропускний пункт “Руська” з під’їздом до контрольно-пропускного пункту “Шепіт”,120.3
Т-26-02,Чернівці – Заставна – М-19,Чернівці — Заставна — /М-19/,26.8
Т-26-03,Чернівці – Недобоївці – Хотин,Чернівці — Недобоївці — Хотин,38.6
Т-26-04,Чернівці – Герца – контрольно-пропускний пункт “Дяківці”,Чернівці — Герца — контрольно-пропускний пункт “Дяківці”,32
Т-26-05,М-19 – Глибока,/М-19/ — Глибока,5.3
Т-26-06,Н-03 – Новоселиця – Герца – контрольно-пропускний пункт “Дяківці”,/Н-03/ — Новоселиця — Герца — контрольно-пропускний пункт “Дяківці”,12.4
Т-26-07,Кіцмань – Сторожинець – Глибока – Опришени з під’їздом до станції Вадул Сірет,Кіцмань — Сторожинець — Глибока — Опришени з під’їздом до станції Вадул Сірет,70.5
Т-26-08,Сторожинець – контрольно-пропускний пункт “Красноїльськ”,Сторожинець — контрольно-пропускний пункт “Красноїльськ”,27.2
Т-26-09,Р-62 – Долішній Шепіт – контрольно-пропускний пункт “Руська”,/Р-62/ — Долішній Шепіт — контрольно-пропускний пункт “Руська”,44.4
Т-26-10,Н-03 – Хотин – контрольно-пропускний пункт “Мамалига” (на м. Кишинів),/Н-03/ — Хотин —  контрольно-пропускний пункт “Мамалига” (на м. Кишинів),28.5
Т-26-12,Р-63 – станція Васкауци – Шишківці – контрольно-пропускний пункт “Вашківці”,/Р-63/ — станція Васкауци — Шишківці — контрольно-пропускний пункт “Вашківці”,10.6
Т-27-01,Орлівка – Бахчисарай,Орлівка — Бахчисарай,21.4
Т-27-02,Севастополь – порт “Камишова бухта” – мис Фіолент,/Севастополь — порт “Камишова бухта”/ — мис Фіолент,11
Т-27-03,Гончарне – Ялта,Гончарне — Ялта,44.9
Т-27-04,Севастополь – порт “Камишова Бухта” – бухта Козача,/Севастополь — порт “Камишова Бухта”/ — бухта Козача,6.7
Т-27-05,Під’їзд до бухти Ласпі,Під’їзд до бухти Ласпі,2.1
Т-27-07,Любимівка (м. Севастополь) – Фруктове,Любимівка  (м. Севастополь) — Фруктове,3.9
Т-27-08,Штурмове (м. Севастополь) – Хмельницьке(м. Севастополь),Штурмове (м. Севастополь) — Хмельницьке    (м. Севастополь),5.4
Т-27-09,Під’їзд до с-ща Кача,Під’їзд до с-ща Кача,26.6
Т-27-10,Штурмове (м. Севастополь) – Сахарна Головка (м. Севастополь),Штурмове (м. Севастополь) — Сахарна Головка (м. Севастополь),2.8
Т-27-11,Орлине – Родниківське – Узунджи,Орлине — Родниківське — Узунджи,8.7
Т-27-12,Родниківське – Передове,Родниківське — Передове,6.1
Т-27-13,Орлине – Тилове,Орлине — Тилове,4.7
Т-27-14,Під’їзд до станції Любимівка,Під’їзд до станції Любимівка,4.2
Т-27-15,Під’їзд до станції Максимова дача,Під’їзд до станції Максимова дача,1.7
Т-27-16,П’ятий кілометр Балаклавського шосе – мис Фіолент,П’ятий кілометр Балаклавського шосе — мис Фіолент,3.9
Т-27-17,Під’їзд до станції Мекензеві гори,Під’їзд до станції Мекензеві гори,7.9
