ref,official_name,name,distance,tags
С-070101,Берегове – Мочола,Берегове – Мочола,2.2,Берегівський район
С-070102,Горонглаб – Батрадь,Горонглаб – Батрадь,4.4,Берегівський район
С-070103,(Велика Добронь – Мукачево – Берегове – контрольно-пропускний пункт  „Лужанка”) – Чікош Горонда – Берегуйфалу,М-24 – Чікош Горонда – Берегуйфалу,14.6,Берегівський район
С-070104,Яноші – Чікош Горонда,Яноші – Чікош Горонда,4.9,Берегівський район
С-070105,Шом – Запсонь,Шом – Запсонь,3.9,Берегівський район
С-070106,Астей – Мочола,Астей – Мочола,2.7,Берегівський район
С-070107,Мочола – Гуняди – Вари – Четфолва,Мочола – Гуняди – Вари – Четфолва,13.7,Берегівський район
С-070108,Об’їзд ст. Батьово,Об’їзд ст. Батьово,4.3,Берегівський район
С-070109,Батрадь – Гетен,Батрадь – Гетен,5.6,Берегівський район
С-070110,Попово – Шом – Каштаново,Попово – Шом – Каштаново,5.0,Берегівський район
С-070111,Запсонь – Каштаново,Запсонь – Каштаново,2.1,Берегівський район
С-070112,(Берегове – Виноградів – Велика Копаня) – Велика Бакта – Геча,М-23 – Велика Бакта – Геча,6.3,Берегівський район
С-070113,Чікош Горонда – В. Береги – Бене,Чікош Горонда – В. Береги – Бене,16.0,Берегівський район
С-070115,Боржава – Гребля,Боржава – Гребля,0.8,Берегівський район
С-070116,Попово – Мале Попово,Попово – Мале Попово,2.0,Берегівський район
С-070117,Батьово – Елеватор,Батьово – Елеватор,3.0,Берегівський район
С-070118,Великий Бакош – Малий Бакош,Великий Бакош – Малий Бакош,1.95,Берегівський район
С-070301,Виноградів – Дротинці – Фанчиково,Виноградів – Дротинці – Фанчиково,12.8,Берегівський район
С-070302,Виноградів – Олешник,Виноградів – Олешник,6.7,Берегівський район
С-070303,Великі Ком’яти – Боржавське,Великі Ком’яти – Боржавське,6.0,Берегівський район
С-070304,Королево – Горбки,Королево – Горбки,6.0,Берегівський район
С-070305,Теково – Хижа,Теково – Хижа,9.5,Берегівський район
С-070306,Фанчиково – Нове Село,Фанчиково – Нове Село,3.5,Берегівський район
С-070307,Перехрестя – Карачин – Нове Село,Перехрестя – Карачин – Нове Село,6.3,Берегівський район
С-070308,Матійово – Шаланки,Матійово – Шаланки,12.9,Берегівський район
С-070309,Фанчиково – Притисянське,Фанчиково – Притисянське,3.4,Берегівський район
С-070310,Підвиноградів – Дротинці,Підвиноградів – Дротинці,5.0,Берегівський район
С-070311,Чепа – Гетиня,Чепа – Гетиня,2.8,Берегівський район
С-070312,Широке – Букове,Широке – Букове,5.8,Берегівський район
С-070313,Під’їзд до с. Мала Копаня,Під’їзд до с. Мала Копаня,1.0,Берегівський район
С-070314,Черна – Хижа,Черна – Хижа,2.2,Берегівський район
С-070315,Широке – Вертеп,Широке – Вертеп,1.3,Берегівський район
С-070316,Під’їзд до с. Клиновецька Гора,Під’їзд до с. Клиновецька Гора,1.8,Берегівський район
С-070317,Під’їзд до с. Холмовець,Під’їзд до с. Холмовець,1.5,Берегівський район
С-070507,(Мукачево – Рахів – Богородчани – Івано-Франківськ – Рогатин – Бібрка – Львів) – Мідяниця – Сільце,Н-09 – Доробратово – Негрово,5.2,Берегівський район
С-070513,(Берегове – Кам’янське) – Воловиця,О 070110 – Воловиця,1.2,Берегівський район
С-070514,Кам’янське – Богаревиця – Дунковиця,Кам’янське – Богаревиця – Дунковиця,2.04,Берегівський район
С-070515,Дунковиця – Арданово,Дунковиця – Арданово,4.0,Берегівський район
С-070708,Чомонин – Серне,Чомонин – Серне,1.735,Берегівський район
С-070731,(Велика Добронь – Мукачево – Берегове – контрольно-пропускний пункт „Лужанка”) – Баркасово,М-24 – Баркасово,2.64,Берегівський район
С-070734,Горонда – Баркасово,Горонда – Баркасово,1.238,Берегівський район
С-070735,Макарьово – Берегуйфалу,Макарьово – Берегуйфалу,7.78,Берегівський район
С-070401,Воловець – Яблунево,Воловець – Яблунево,5.7,Мукачівський район
С-070402,(Ужок – Нижні Ворота) – Буковець ,Т-07-10 – Буковець,2.0,Мукачівський район
С-070403,(Ужок – Нижні Ворота) – Щербовець,Т-07-10 – Щербовець,2.7,Мукачівський район
С-070404,(Київ – Чоп) – Тишів ,М-06 – Тишів,2.9,Мукачівський район
С-070405,(Верецький перевал – Нижні Ворота) – Нижня Розтока,С 070413 – Нижня Розтока,2.0,Мукачівський район
С-070406,Верхні Ворота – Лази,Верхні Ворота – Лази,3.5,Мукачівський район
С-070407,Біласовиця – Латірка,Біласовиця – Латірка,6.4,Мукачівський район
С-070408,АБЗ – Нижні Ворота,АБЗ – Нижні Ворота,4.5,Мукачівський район
С-070409,Гукливий – ст. Бескид ,Гукливий – ст. Бескид,7.5,Мукачівський район
С-070410,Підполоззя – Абранка ,Підполоззя – Абранка,9.0,Мукачівський район
С-070411,Під’їзд до с. Ялове ,Під’їзд до с. Ялове,2.0,Мукачівський район
С-070412,Під’їзд до с. Задільське ,Під’їзд до с. Задільське,2.2,Мукачівський район
С-070413,Жденієво – ур. Паражин,Жденієво – ур. Паражин,1.7,Мукачівський район
С-070414,Верецький перевал – Н. Ворота,Верецький перевал – Нижні Ворота,13.213,Мукачівський район
С-070509,(Мукачево – Рахів – Богородчани – Івано-Франківськ – Рогатин – Бібрка – Львів) – Доробратово – Негрово,Н-09 – Доробратово – Негрово,5.1,Мукачівський район
С-070701,Зняцево – Червенево,Зняцево – Червенево,3.4,Мукачівський район
С-070702,Зняцево – Драгиня – Вінкове,Зняцево – Драгиня – Вінкове,12.86,Мукачівський район
С-070703,Мукачево – Нове Давидково,Мукачево – Нове Давидково,7.7,Мукачівський район
С-070704,Мукачево – Лавки – Лохово,Мукачево – Лавки – Лохово,6.346,Мукачівський район
С-070705,Мукачево – Куштановиця – Чинадійово,Мукачево – Куштановиця – Чинадійово,10.4,Мукачівський район
С-070706,Мукачево – Макарьово – Залужжя,Мукачево – Макарьово – Залужжя,19.026,Мукачівський район
С-070707,Мукачево – Шенборн – Нижній Коропець,Мукачево – Шенборн – Нижній Коропець,9.1,Мукачівський район
С-070709,Кальник – Руська Кучава,Кальник – Руська Кучава,6.723,Мукачівський район
С-070710,Копинівці – Ростов’ятиця,Копинівці – Ростов’ятиця,5.8,Мукачівський район
С-070711,(Київ – Чоп) – Руське – Чопівці,М-06 – Руське – Чопівці,2.5,Мукачівський район
С-070712,(Київ –Чоп) – Іванівці – Щасливе,М-06 – Іванівці – Щасливе,15.3,Мукачівський район
С-070713,Під’їзд до с. Жуково,Під’їзд до с. Жуково,2.4,Мукачівський район
С-070714,(Київ – Чоп) – Клячаново – Іванівці,М-06 – Клячаново – Іванівці,2.8,Мукачівський район
С-070715,Бобовище – Ільківці,Бобовище – Ільківці,5.84,Мукачівський район
С-070716,(Велика Добронь – Мукачево – Берегове – контрольно-пропускний пункт „Лужанка”) – Павшино,М-24 – Павшино,1.6,Мукачівський район
С-070717,(Велика Добронь – Мукачево – Берегове – контрольно-пропускний пункт  „Лужанка”) – Дерцен – Форнош,М-24 – Дерцен – Форнош,11.2,Мукачівський район
С-070718,Чинадійово – Обава – Дубино,Чинадійово – Обава – Дубино,7.42,Мукачівський район
С-070719,Буковинка – Кучава,Буковинка – Кучава,1.84,Мукачівський район
С-070720,Чинадійово – Кучава з під’їздом до с. Бабичі,Чинадійово – Кучава з під’їздом до с. Бабичі,21.7,Мукачівський район
С-070721,Ділок – Станове – Яблунів,Ділок – Станове – Яблунів,8.5,Мукачівський район
С-070722,Лецовиця – Брестів,Лецовиця – Брестів,4.13,Мукачівський район
С-070724,Обава – Чабин,Обава – Чабин,2.5,Мукачівський район
С-070725,Верхня Визниця – Клочки,Верхня Визниця – Клочки,2.68,Мукачівський район
С-070726,Під’їзд до Кіровського кар’єру,Під’їзд до Кіровського кар’єру,1.0,Мукачівський район
С-070727,Ракошино – Домбоки,Ракошино – Домбоки,5.2,Мукачівський район
С-070728,(Київ – Чоп) – Домбоки,М-06 – Домбоки,3.5,Мукачівський район
С-070729,(Велика Добронь – Мукачево – Берегове – контрольно-пропускний пункт „Лужанка”) – Ключарки,М-24 – Ключарки,1.8,Мукачівський район
С-070730,(В. Добронь – Мукачево) – Страбичово,М-24 – Страбичово,1.0,Мукачівський район
С-070732,Лалово – Зубівка,Лалово – Зубівка,3.5,Мукачівський район
С-070733,(Ділок – Станове – Яблунів) – Гендеровиця,С 070721 – Гендеровиця,7.2,Мукачівський район
С-070734,Горонда – Баркасово,Горонда – Баркасово,4.0,Мукачівський район
С-070735,Макарьово – Берегуйфалу,Макарьово – Берегуйфалу,2.22,Мукачівський район
С-070736,(Мукачево – Рахів – Богородчани – Івано-Франківськ – Рогатин – Бібрка – Львів) – Пістрялово,Н-09 – Пістрялово,6.4,Мукачівський район
С-070737,Під’їзд до с. Крите,Під’їзд до с. Крите,2.24,Мукачівський район
С-070738,Під’їзд до с. Грабово,Під’їзд до с. Грабово,3.3,Мукачівський район
С-070739,Під’їзд до с. Герцівці,Під’їзд до с. Герцівці,2.1,Мукачівський район
С-070740,Під’їзд до с. Жборівці,Під’їзд до с. Жборівці,1.0,Мукачівський район
С-070741,Під’їзд до с. Старе Давидково,Під’їзд до с. Старе Давидково,1.9,Мукачівський район
С-070742,Верхний Коропець – Куштановица,Верхний Коропець – Куштановица,1.7,Мукачівський район
С-070743,Під’їзд до с. В. Лучки,Під’їзд до с. Великі Лучки,2.3,Мукачівський район
С-071001,Свалява – Неліпино – Вовчий,Свалява – Неліпино – Вовчий,9.5,Мукачівський район
С-071002,Стройне – Тибава,Стройне – Тибава,8.5,Мукачівський район
С-071003,Плоске – Родникова Гута,Плоске – Родникова Гута,10.0,Мукачівський район
С-071004,(Київ – Чоп) – Ганьковиця,М-06 – Ганьковиця,1.0,Мукачівський район
С-071005,Поляна – Дисковиця,Поляна – Дисковиця,3.4,Мукачівський район
С-071007,(Київ – Чоп) – Сускове,М-06 – Сускове,2.0,Мукачівський район
С-071008,Стройне – сан. „Квасний Потік”,Стройне – санаторій. „Квасний Потік”,4.4,Мукачівський район
С-071009,(Свалява – Довге – Липча) – Лопушанка,О 071002 – Лопушанка,2.0,Мукачівський район
С-071010,Дусино – Плав’я,Дусино – Плав’я,2.5,Мукачівський район
С-071012,Під’їзд до с. Плоский Потік,Під’їзд до с. Плоский Потік,2.0,Мукачівський район
С-071013,Під’їзд до с. Яківське,Під’їзд до с. Яківське,2.3,Мукачівський район
С-071014,Під’їзд до с. Солочин,Під’їзд до с. Солочин,2.2,Мукачівський район
С-071015,Під’їзд до с. Черник,Під’їзд до с. Черник,0.9,Мукачівський район
С-070901,(Мукачево – Рахів – Богородчани – Івано-Франківськ – Рогатин – Бібрка – Львів) – Костилівка,Н-09 – Костилівка,1.0,Рахівський район
С-070902,Верхнє Водяне – Солотвино,Верхнє Водяне – Солотвино,3.8,Рахівський район
С-070904,Верхнє Водяне – Стримба,Верхнє Водяне – Стримба,4.5,Рахівський район
С-070905,Під’їзд до с. Водиця,Під’їзд до с. Водиця,1.7,Рахівський район
С-070906,Луг – Косівська Поляна,Луг – Косівська Поляна,10.7,Рахівський район
С-070907,Луг – Росішка,Луг – Росішка,1.5,Рахівський район
С-070908,(Калини – Верхнє Водяне) – Тівшак,О 071101 – Тівшак,7.3,Рахівський район
С-070909,Ясіня – Стебний,Ясіня – Стебний,5.0,Рахівський район
С-070911,Ділове – Білий Потік,Ділове – Білий Потік,0.5,Рахівський район
С-070912,Ясіня – Лопушанка,Ясіня – Лопушанка,1.0,Рахівський район
С-070914,Під’їзд до прис. Сухий,Під’їзд до прис. Сухий,1.0,Рахівський район
С-070902,Верхнє Водяне – Солотвино,Верхнє Водяне – Солотвино,7.4,Тячівський район
С-070903,Середнє Водяне – Добрік,Середнє Водяне – Добрік,3.5,Тячівський район
С-070913,Під’їзд до птахоферми в с. Біла Церква,Під’їзд до птахоферми в с. Біла Церква,1.5,Тячівський район
С-071101,Тячів – Округла – Вільхівці – Лази,Тячів – Округла – Вільхівці – Лази,16.5,Тячівський район
С-071102,Тячів – Тячівка,Тячів – Тячівка,5.9,Тячівський район
С-071103,Усть Чорна – Лопухів,Усть Чорна – Лопухів,8.1,Тячівський район
С-071104,Колодне – Нересниця,Колодне – Нересниця,17.2,Тячівський район
С-071105,Вільхівці – Сасово,Вільхівці – Сасово,2.7,Тячівський район
С-071106,Нижня Апша – Середнє Водяне,Нижня Апша – Середнє Водяне,4.8,Тячівський район
С-071107,(Мукачево – Рахів – Богородчани – Івано-Франківськ – Рогатин –Бібрка – Львів) – Руське Поле,Н-09 – Руське Поле,4.0,Тячівський район
С-071108,Чумальово – Монастир,Чумальово – Монастир,3.0,Тячівський район
С-071109,Кричово – Росош,Кричово – Росош,4.0,Тячівський район
С-071110,Угля – Мала Уголька,Угля – Мала Уголька,12.0,Тячівський район
С-071111,Угля – Велика Уголька,Угля – Велика Уголька,10.0,Тячівський район
С-071112,Бедевля – Руня,Бедевля – Руня,5.0,Тячівський район
С-071113,Нересниця – Широкий Луг – Пригідь,Нересниця – Широкий Луг – Пригідь,19.3,Тячівський район
С-071114,Вільхівці – Вільхівчик,Вільхівці – Вільхівчик,2.5,Тячівський район
С-071115,Тересва – Нересниця,Тересва – Нересниця,15.3,Тячівський район
С-071116,Під’їзд до алергічної лікарні,Під’їзд до алергічної лікарні,0.7,Тячівський район
С-071117,Нересниця – Тарасівка,Нересниця – Тарасівка,13.5,Тячівський район
С-071118,Ганичі – Солоне,Ганичі – Солоне,3.0,Тячівський район
С-071119,Нижня Апша – Топчино,Нижня Апша – Топчино,4.5,Тячівський район
С-071120,Нижня Апша – Великий Боуц,Нижня Апша – Великий Боуц,15.6,Тячівський район
С-071121,Терново – Вишоватий,Терново – Вишоватий,3.5,Тячівський район
С-071122,Терново – Петрушів,Терново – Петрушів,2.0,Тячівський район
С-071123,Під’їзд до с. Раково,Під’їзд до с. Раково,2.0,Тячівський район
С-071124,Великий Боуц – Малий Боуц,Великий Боуц – Малий Боуц,3.0,Тячівський район
С-071125,Вільхівці – Лази – Водолікарня,Вільхівці – Лази – Водолікарня,0.7,Тячівський район
С-070201,Малий Березний – Завосино,Малий Березний – Завосино,5.5,Ужгородський район
С-070202,(Великий Березний – Чорноголова – Дубриничі) – Руський Мочар,О 070201 – Руський Мочар,5.0,Ужгородський район
С-070203,Чорноголова – Смереково,Чорноголова – Смереково,7.0,Ужгородський район
С-070204,(Чорноголова – Смереково) – Буківцьово,С 070203 – Буківцьово,4.0,Ужгородський район
С-070205,Жорнава – Стужиця ,Жорнава – Стужиця,10.0,Ужгородський район
С070206,Стужиця – Загорб,Стужиця – Загорб,2.4,Ужгородський район
С-070207,Волосянка – Верховина Бистра ,Волосянка – Верховина Бистра,5.1,Ужгородський район
С-070208,Волосянка – Сухий,Волосянка – Сухий,2.9,Ужгородський район
С-070209,Волосянка – Тихий ,Волосянка – Тихий,7.4,Ужгородський район
С-070210,(Львів – Самбір – Ужгород) – Княгиня ,Н-13 – Княгиня,3.0,Ужгородський район
С-070211,(Львів – Самбір – Ужгород) – Домашин,Н-13 – Домашин,2.7,Ужгородський район
С-070212,(Львів – Самбір – Ужгород) – Стричава,Н-13 – Стричава,3.4,Ужгородський район
С-070213,(Кострино – Люта) – Люта ,О 070203 – Люта,5.5,Ужгородський район
С-070214,(Великий Березний – Чорноголова – Дубриничі) – Розтоцька Пастіль,О 070201 – Розтоцька Пастіль,2.0,Ужгородський район
С-070215,Ставне – Лисковець,Ставне – Лисковець,2.2,Ужгородський район
С-070216,Під’їзд до с. Забрідь,Під’їзд до с. Забрідь,1.2,Ужгородський район
С-070217,Під’їзд до с. Бегендецька Пастіль,Під’їзд до с. Бегендецька Пастіль,1.8,Ужгородський район
С-070708,Чомонин – Серне,Чомонин – Серне,2.8,Ужгородський район
С-070731,(Велика Добронь – Мукачево – Берегове – контрольно-пропускний пункт  „Лужанка”) – Баркасово,М-24 – Баркасово,1.0,Ужгородський район
С-070801,Дубриничі – Новоселиця,Дубриничі – Новоселиця,7.0,Ужгородський район
С-070802,Турички – Вільшанки,Турички – Вільшанки,4.4,Ужгородський район
С-070803,Турички – Липовець,Турички – Липовець,7.2,Ужгородський район
С-070804,(Львів – Самбір – Ужгород) – Зарічово,Н-13 – Зарічово,3.0,Ужгородський район
С-070805,Дубриничі – Пастілки,Дубриничі – Пастілки,2.0,Ужгородський район
С-070806,Під’їзд до виробничої бази райавтодору,Під’їзд до виробничої бази райавтодору,0.5,Ужгородський район
С-070807,Сімер – Сімерки,Сімер – Сімерки,7.8,Ужгородський район
С-070808,(Перечин – М-06) – Завбуч,Т-07-12 – Завбуч,2.5,Ужгородський район
С-070809,(Перечин – М-06) – Мокра,Т-07-12 – Мокра,3.9,Ужгородський район
С-070810,Тур’я Поляна – Полянська Гута,Тур’я Поляна – Полянська Гута,8.0,Ужгородський район
С-070811,Під’їзд до с. Лікіцари,Під’їзд до с. Лікіцари,2.0,Ужгородський район
С-070812,Під’їзд до с. Маюрки,Під’їзд до с. Маюрки,2.9,Ужгородський район
С-070813,(Перечин – М-06) – Тур’я Бистра,Т-07-12 – Тур’я Бистра,2.4,Ужгородський район
С-070814,Новоселиця – Прикордонна застава,Новоселиця – Прикордонна застава,2.1,Ужгородський район
С-070815,Тур’я Бистра – центральна садиба КСГП „Бистрик”,Тур’я Бистра – центральна садиба КСГП „Бистрик”,0.4,Ужгородський район
С-071201,Ужгород – Ярок,Ужгород – Ярок,10.02,Ужгородський район
С-071202,Ужгород – Довге Поле – Великі Геївці,Ужгород – Довге Поле – Великі Геївці,9.4,Ужгородський район
С-071203,(Львів – Самбір – Ужгород) – Гута – Кам’яниця,Н-13 – Гута – Кам’яниця,7.7,Ужгородський район
С-071204,(Львів – Самбір – Ужгород) – ММТ „Верховина”,Н-13 – ММТ „Верховина”,1.0,Ужгородський район
С-071205,(Львів – Самбір – Ужгород) – Оріховиця,Н-13 – Оріховиця,5.12,Ужгородський район
С-071206,(Ужгород – Палло) – Сторожниця,О 071208 – Сторожниця,2.7,Ужгородський район
С-071207,(Київ – Чоп) – Великі Лази,М-06 – Великі Лази,2.5,Ужгородський район
С-071208,Холмок – Тарнівці – Ботфалва,Холмок – Тарнівці – Ботфалва,8.32,Ужгородський район
С-071209,(Київ – Чоп) – Коритняни – Холмок,М-06 – Коритняни – Холмок,6.2,Ужгородський район
С-071210,Середнє – Чабанівка – (Київ – Чоп),Середнє – Чабанівка – М-06,11.2,Ужгородський район
С-071211,(Київ – Чоп) – Ратовці – Малі Геївці,М-06 – Ратовці – Малі Геївці,5.647,Ужгородський район
С-071212,Тийглаш – Руські Геївці – Малі Геївці,Тийглаш – Руські Геївці – Малі Геївці,5.5,Ужгородський район
С-071213,Тисаагтелек – Мала Добронь,Тисаагтелек – Мала Добронь,3.5,Ужгородський район
С-071214,Підгорб – Циганівці,Підгорб – Циганівці,6.307,Ужгородський район
С-071215,Об’їзд с. Кам’яниця,Об’їзд с. Кам’яниця,2.4,Ужгородський район
С-071216,Об’їзд с. Оноківці,Об’їзд с. Оноківці,2.5,Ужгородський район
С-071217,Дереновка – Руські Комарівці з під’їздом до сан. „Кооператор”,Дереновка – Руські Комарівці з під’їздом до сан. „Кооператор”,7.2,Ужгородський район
С-071218,(Київ – Чоп) – Середнє,М-06 – Середнє,2.7,Ужгородський район
С-071219,(Київ – Чоп) – Вовкове – Дубрівка,М-06 – Вовкове – Дубрівка,4.2,Ужгородський район
С-071220,Лінці – Кібляри,Лінці – Кібляри,3.44,Ужгородський район
С-071221,Лінці – Гайдош,Лінці – Гайдош,2.7,Ужгородський район
С-071222,(Середнє – Лінці – Шкуратівці – Ракошино) – Пацканьово,О 071201 – Пацканьово,4.0,Ужгородський район
С-071223,Під’їзд до с. Гута,Під’їзд до с. Гута,1.115,Ужгородський район
С-071224,Розівка – Концово,Розівка – Концово,2.4,Ужгородський район
С-071225,Худльово – Верхнє Солотвино,Худльово – Верхнє Солотвино,5.3,Ужгородський район
С-071226,(Київ – Чоп) – Соломоново – Чоп,М-06 – Соломоново – Чоп,4.5,Ужгородський район
С-071227,Чоп – Тисаашвань,Чоп – Тисаашвань,1.4,Ужгородський район
С-071228,Ст. Есень – Петрівка,Ст. Есень – Петрівка,3.3,Ужгородський район
С-071229,Об’їзд с. Глибоке,Об’їзд с. Глибоке,3.0,Ужгородський район
С-070501,Іршава – Лоза,Іршава – Лоза,4.007,Хустський район
С-070502,Іршава – Собатино,Іршава – Собатино,4.4,Хустський район
С-070503,Брід – Чорний Потік – Загаття,Брід – Чорний Потік – Загаття,15.2,Хустський район
С-070504,Бронька – Суха,Бронька – Суха,4.6,Хустський район
С-070505,Під’їзд до с. Смологовиця,Під’їзд до с. Смологовиця,2.0,Хустський район
С-070506,Під’їзд до с. Підгірне,Під’їзд до с. Підгірне,1.5,Хустський район
С-070508,Великий Раковець – Малий Раковець,Великий Раковець – Малий Раковець,7.0,Хустський район
С-070510,Загаття – Климовиця – Івашковиця,Загаття – Климовиця – Івашковиця,7.32,Хустський район
С-070511,(Загаття – Климовиця – Івашковиця) – Кобалевиця,С 070510 – Кобалевиця,0.6,Хустський район
С-070512,(Загаття – Климовиця – Івашковиця) – Дуби,С 070510 – Дуби,2.21,Хустський район
С-070516,Гребля – Лоза,Гребля – Лоза,1.304,Хустський район
С-070517,(Мукачево – Богородчани – Івано-Франківськ – Рогатин – Бібрка – Львів) – Гребля – Дубрівка,Н-09 – Гребля – Дубрівка,5.736,Хустський район
С-070518,Нижне Болотне – Мала Розтока,Нижне Болотне – Мала Розтока,2.7,Хустський район
С-070519,(Іршава – Ільниця – Білки – Вільхівка) – Нижне Болотне,О 070501 – Нижне Болотне,1.5,Хустський район
С-070520,(Іршава – Ільниця – Білки – Вільхівка) – Осій,О 070501 – Осій,2.5,Хустський район
С-070521,Великий Раковець – Заболотне – Вертеп,Великий Раковець – Заболотне – Вертеп,5.1,Хустський район
С-070522,(Довге – Іршава) – Імстичево – Луково,О 070502 – Імстичево – Луково,6.3,Хустський район
С-070523,Кушниця – Лисичево,Кушниця – Лисичево,7.1,Хустський район
С-070524,Під’їзд до с. Локоть,Під’їзд до с. Локоть,1.5,Хустський район
С-070525,Під’їзд до с. Крайня Мартинка,Під’їзд до с. Крайня Мартинка,1.5,Хустський район
С-070526,Під’їзд до с. Дешковиця,Під’їзд до с. Дешковиця,1.2,Хустський район
С-070601,Міжгір’я – Дешево,Міжгір’я – Дешево,6.0,Хустський район
С-070602,Міжгір’я – Лозянське,Міжгір’я – Лозянське,8.2,Хустський район
С-070603,Торунь – Лопушне,Торунь – Лопушне,5.0,Хустський район
С-070604,Пилипець – Розтока,Пилипець – Розтока,4.5,Хустський район
С-070605,Пилипець – Потік,Пилипець – Потік,4.0,Хустський район
С-070606,Ізки – Верхній Студений,Ізки – Верхній Студений,10.6,Хустський район
С-070607,Ізки – Матачів,Ізки – Матачів,2.5,Хустський район
С-070608,Ізки – Буковець,Ізки – Буковець,3.2,Хустський район
С-070609,Келечин – Річка,Келечин – Річка,5.0,Хустський район
С-070610,Річка – Тюшка,Річка – Тюшка,3.8,Хустський район
С-070611,Репинне – Сухий Діл,Репинне – Сухий Діл,4.0,Хустський район
С-070612,Новоселиця – Лісковець,Новоселиця – Лісковець,2.7,Хустський район
С-070613,Торунь – Присліп,Торунь – Присліп,6.3,Хустський район
С-070614,Торунь – Тітковці,Торунь – Тітковці,2.0,Хустський район
С-070615,Присліп – Завійка,Присліп – Завійка,3.0,Хустський район
С-070616,Т-07-20 – Стригальня,Т-07-20 – Стригальня,2.2,Хустський район
С-070617,Негровець – Потік,Негровець – Потік,2.0,Хустський район
С-070618,Синевірська Поляна – Свобода,Синевірська Поляна – Свобода,4.6,Хустський район
С-070619,Голятин – Обляска,Голятин – Обляска,1.5,Хустський район
С-070620,Новоселиця – Вовчий Звір,Новоселиця – Вовчий Звір,4.3,Хустський район
С-070621,Лісковець – Рекети,Лісковець – Рекети,1.2,Хустський район
С-070622,Під’їзд до с. Подобовець,Під’їзд до с. Подобовець,1.3,Хустський район
С-070623,Потік – Шіпіт,Потік – Шіпіт,2.4,Хустський район
С-070624,Буковець – Закобза,Буковець – Закобза,1.1,Хустський район
С-070625,Лозянське – Прохідниця,Лозянське – Прохідниця,2.0,Хустський район
С-070626,Річка – Потік,Річка – Потік,2.2,Хустський район
С-071011,Керецьки – Березники,Керецьки – Березники,5.8,Хустський район
С-071301,Хуст – Крива,Хуст – Крива,4.2,Хустський район
С-071302,Хуст – Зарічне,Хуст – Зарічне,7.0,Хустський район
С-071303,Липча – Нижнє Селище,Липча – Нижнє Селище,8.4,Хустський район
С-071304,Липча – Іза,Липча – Іза,9.4,Хустський район
С-071305,Іза – Нижнє Селище – Драгово,Іза – Нижнє Селище – Драгово,20.5,Хустський район
С-071306,Данилово – Олександрівка,Данилово – Олександрівка,6.0,Хустський район
С-071307,Під’їзд до с. Чертеж,Під’їзд до с. Чертеж,3.9,Хустський район
С-071308,(Хуст – Шаян – Вишково – Буштино) – сан. „Теплі Води”,Т-07-37 – сан. „Теплі Води”,2.5,Хустський район
С-071309,(Мукачево – Рахів – Богородчани – Івано-Франківськ – Рогатин –Бібрка – Львів) – Рокосово – ур. Товста,Н-09 – Рокосово – ур. Товста,10.8,Хустський район
С-071310,Шаян – Ракош,Шаян – Ракош,2.3,Хустський район
С-071311,(Хуст – Шаян – Вишково – Буштино) – Модьорош,Т-07-37 – Модьорош,3.0,Хустський район
С-071312,(Хуст – Шаян – Вишково – Буштино) – Шаян,Т-07-37 – Шаян,2.1,Хустський район
С-071313,(Мукачево – Рахів – Богородчани – Івано-Франківськ – Рогатин – Бібрка – Львів) – Кіреші,Н-09 – Кіреші,4.6,Хустський район
С-071314,Липча – Липовець,Липча – Липовець,9.5,Хустський район
С-071315,Липча – Кривий,Липча – Кривий,4.0,Хустський район
С-071316,(Липча – Кривий) – Осава,С 071315 – Осава,5.0,Хустський район
С-071317,(Мукачево – Рахів – Богородчани – Івано-Франківськ – Рогатин – Бібрка – Львів) – Бороняво – Сокирниця,Н-09 – Бороняво – Сокирниця,5.6,Хустський район
С-071318,Під’їзд до цеолітового кар’єру,Під’їзд до цеолітового кар’єру,2.6,Хустський район
С-071319,(Іза – Н. Селище – Драгово) – Карповтлаш,С 071305 – Карповтлаш,3.2,Хустський район
С-071320,Липча – Крайнє,Липча – Крайнє,6.0,Хустський район
С-071321,Горінчево – Монастирець – Медвежий,Горінчево – Монастирець – Медвежий,11.5,Хустський район
С-071322,Монастирець – Тополин,Монастирець – Тополин,6.0,Хустський район
С-071323,Березово – Ряпідь,Березово – Ряпідь,5.0,Хустський район
С-071324,Копашнево – Хустець – Поляна,Копашнево – Хустець – Поляна,8.6,Хустський район
С-071325,Копашново – Лунка,Копашново – Лунка,2.6,Хустський район
С-071326,Нижній Бистрий – Широкий,Нижній Бистрий – Широкий,4.0,Хустський район
С-071327,(Драгово – Сокирниця) – Забереж,О 071305 – Забереж,2.0,Хустський район
С-071328,Драгово – Кічерели,Драгово – Кічерели,1.3,Хустський район
С-071329,Становець – Кічерели,Становець – Кічерели,2.0,Хустський район
С-071330,Під’їзд до Хустського кар’єру,Під’їзд до Хустського кар’єру,0.7,Хустський район
С-071331,Рокосово – Вертеп,Рокосово – Вертеп,2.0,Хустський район
С-071332,Яблунівка – Варгедь,Яблунівка – Варгедь,1.2,Хустський район
С-071333,Кошелево – Залом,Кошелево – Залом,2.0,Хустський район
С-071334,Під’їзд до с. Сюрюк,Під’їзд до с. Сюрюк,1.0,Хустський район
С-071335,Під’їзд до с. Потічок,Під’їзд до с. Потічок,2.0,Хустський район
С-071336,(Іза – Нижнє Селище – Драгово) – Березник,С 071305 – Березник,3.0,Хустський район
С-071337,Під’їзд до ст. Стеблівка,Під’їзд до ст. Стеблівка,0.3,Хустський район
О-070101,Берегове – Дийда – Велика Бийгань – Гут,Берегове – Дийда – Велика Бийгань – Гут,18.6,
О-070102,Берегове – Бадалово – Вари – Боржава,Берегове – Бадалово – Вари – Боржава,24.8,
О-070103,Берегуйфалу – Горбок – (Мукачево – Богородчани – Івано-Франківськ – Рогатин – Бібрка – Львів),Берегуйфалу – Горбок – Н-09),9.2,
О-070104,Косонь – Попово – Гетен – Держкордон з Угорщиною,Косонь – Попово – Гетен – Держкордон з Угорщиною,9.2,
О-070105,Бадалово – Держкордон з Угорщиною,Бадалово – Держкордон з Угорщиною,2.2,
О-070106,Горонглаб – Соловка – Червоне,Горонглаб – Соловка – Червоне,23.1,
О-070107,Берегове – Затишне – Кідьош,Берегове – Затишне – Кідьош,8.1,
О-070108,Оросієво – Пушкіно – Підвиноградів,Оросієво – Пушкіно – Підвиноградів,18.6,
О-070109,Батьово – Баркасово – Яноші,Батьово – Баркасово – Яноші,21.065,
О-070110,Берегове – Кам’янське,Берегове – Кам’янське,25.3,
О-070201,Великий Березний – Чорноголова – Дубриничі ,Великий Березний – Чорноголова – Дубриничі,29.7,
О-070202,(Львів – Самбір – Ужгород) – Лубня – Держкордон з Польщею,Н-13 – Лубня – Держкордон з Польщею,7.2,
О-070203,Кострино – Люта,Кострино – Люта,11.9,
О-070301,Теково – Королево – Новоселиця,Теково – Королево – Новоселиця,12.3,
О-070302,Неветленфолу – Дюла – Чорнотисів,Неветленфолу – Дюла – Чорнотисів,14.8,
О-070303,Велика Паладь – Заболоття – Держкордон з Румунією,Велика Паладь – Заболоття – Держкордон з Румунією,5.3,
О-070305,Великі Ком’яти – Вилок,Великі Ком’яти – Вилок,22.7,
О-070306,Виноградів – Теково – Неветленфолу,Виноградів – Теково – Неветленфолу,21.7,
О-070401,Підполоззя – Поляна,Підполоззя – Поляна,16.838,
О-070501,Іршава – Ільниця – Білки – Великий Раковець – Вільхівка,Іршава – Ільниця – Білки – Великий Раковець – Вільхівка,24.8,
О-070502,Довге – Іршава,Довге – Іршава,21.7,
О-070601,Майдан – Новоселиця,Майдан – Новоселиця,14.0,
О-070602,Колочава – Усть Чорна – Калини – Бедевля,Колочава – Усть Чорна – Калини – Бедевля,77.6,
О-070603,Синевир – Колочава – Буштино,Синевир – Колочава – Буштино,66.0,
О-070701,Кольчино – Пузняківці – Тур’я Пасіка,Кольчино – Пузняківці – Тур’я Пасіка,30.8,
О-070702,Завидово – Загаття – Іршава,Завидово – Загаття – Іршава,23.3,
О-070703,Синяк – Чинадійово,Синяк – Чинадійово,10.5,
О-070704,Червеньово – Великі Лучки – Гать,Червеньово – Великі Лучки – Гать,21.704,
О-070705,Об’їзна м. Мукачева,Об’їзна м. Мукачева,3.3,
О-070706,Баркасово – Запсонь,Баркасово – Запсонь,13.8,
О-070801,Перечин – Ворочево,Перечин – Ворочево,5.2,
О-070802,Тур’ї Ремети – Лумшори,Тур’ї Ремети – Лумшори,16.7,
О-070901,Рахів – Косівська Поляна – Кобилецька Поляна,Рахів – Косівська Поляна – Кобилецька Поляна,35.7,
О-070902,Великий Бичків – Водиця,Великий Бичків – Водиця,8.6,
О-070903,Ясиня – Чорна Тиса,Ясиня – Чорна Тиса,7.6,
О-070904,Рахів – Богдан – Луги,Рахів – Богдан – Луги,21.6,
О-070905,Великий Бичків – Кобилецька Поляна,Великий Бичків – Кобилецька Поляна,12.8,
О-071001,Свалява – Мукачево,Свалява – Мукачево,16.282,
О-071002,Свалява – Довге – Липча,Свалява – Довге – Липча,55.215,
О-071101,Калини – Верхне Водяне,Калини – Верхне Водяне,15.9,
О-071201,Середнє – Лінці – Шкуратівці – Ракошино,Середнє – Лінці – Шкуратівці – Ракошино,23.4,
О-071202,Підгорб – Дубрівка,Підгорб – Дубрівка,17.2,
О-071203,Шишлівці – КПП „Малі Селменці”,Шишлівці – КПП „Малі Селменці”,8.145,
О-071204,Середнє – Анталовці,Середнє – Анталовці,12.0,
О-071205,Під’їзд до м. Чоп,Під’їзд до м. Чоп,0.9,
О-071206,Підгорб – Сюрте,Підгорб – Сюрте,12.2,
О-071207,Ужгород – Демечі,Ужгород – Демечі,23.3,
О-071208,Ужгород – Палло,Ужгород – Палло,9.5,
О-071209,Сюрте – Паладь Комарівці – Держкордон із Словаччиною ,Сюрте – Паладь Комарівці – держкордон із Словаччиною,8.02,
О-071301,Стеблівка – Крайніково – Вонігово,Стеблівка – Крайніково – Вонігово,13.8,
О-071302,Вишково – Ракош – Держкордон з Румунією,Вишково – Ракош – держкордон з Румунією,5.7,
О-071303,Вишково – Яблунівка – Держкордон з Румунією,Вишково – Яблунівка – держкордон з Румунією,9.4,
О-071304,Велятино – Держкордон з Румунією,Велятино – держкордон з Румунією,5.0,
О-071305,Драгово – Сокирниця,Драгово – Сокирниця,16.5,
